Course Number,Course Name,L,T,P,C,Name of the Instructors and Tutors,Capacity,Number of Students,Sections,Lecture,Tutorial,Lab,Link To Course Plan,Preferred Knowledge Equivalent to,Remarks,Minor in,HSS/BS elective
First Year (2026),,,,,,,,,,,,,,,,,
FP 100,Foundation Programme,0,0,0,4,"Achyut Mishra(I),Mahalakshmi Ramamurthy(I),Satyakam Kar(I),Kartik Patel(I),Sandip Lashkare(I),Anagh Bhaumik(I)",,,,,,,,,,,
ES 101 (E),Engineering Graphics,1.5,0,1.5,3,"Hari Sai Ganesh(I+L),Soumajit Dutta(L),Sameer Patel(L),S.R.Gandhi(L),Sai Praneeth(L),K.R. Jayaprakash(L),Uthraa K R(GTF/L),Prince Vats(GTF/L)",,,,"E1
(Jasubhai Auditorium)",,"N1,N2
(Surendra C Sheth Learning Theatre,Jayshree S Sheth Learning Theatre,10/203,10/204,7/208,7/209,Jagdish Patel Learning Theatre,Harsha Patel Learning Theatre,10/104,10/105,11/101,11/102)",https://drive.google.com/file/d/1nQu5kzc24h1AqLb8OSkFrY6xPiWFH-VZ/view?usp=drive_link,,,,
ES 101 (H),Engineering Graphics,1.5,0,1.5,3,Sameer Patel(I),,,,"E1
(11/101)",,,https://drive.google.com/file/d/1nQu5kzc24h1AqLb8OSkFrY6xPiWFH-VZ/view?usp=drive_link,,,,
MA 103 (E),Calculus of Single Variable and Linear Algebra,3,1.5,0,4,"Abhinav Jha(I+T),Sudeshna Roy(I+T)",,,,"G1,G2
(Jasubhai Auditorium)","H1
(7/102,7/104,7/105,7/106,7/107,7/202,7/203,7/204,7/205,7/206,7/207)",,https://drive.google.com/file/d/1d0RhjkTuC7e_2ltABtkgR9GeBQWXK6gt/view?usp=sharing,,,,
MA 103 (H),Calculus of Single Variable and Linear Algebra,3,1.5,0,4,"Abhinav Jha(I+T),Sudeshna Roy(I+T)",,,,"F1,F2
(7/109,7/203)",,,https://drive.google.com/file/d/1d0RhjkTuC7e_2ltABtkgR9GeBQWXK6gt/view?usp=sharing,,,,
ES 112 (E),Computing,3,0,3,4,Shouvick Mondal(I+L),,,,"D1,D2
(Jasubhai Auditorium)",,"J2 (10/103,10/104,10/105)
P1 (10/105,10/204,Jagdish Patel Learning Theatre,Harsha Patel Learning Theatre)",https://docs.google.com/document/d/1dARPkWk7oEEVaBsc9wIZvHxwGhbiouv9HakxrYSI0h4/edit?usp=sharing,,B.Tech. ONLY,,
ES 112 (H),Computing,3,0,3,4,Shouvick Mondal(I+L),,,,"A2,C2
(Harsha Patel Learning Theatre)",,,https://docs.google.com/document/d/1dARPkWk7oEEVaBsc9wIZvHxwGhbiouv9HakxrYSI0h4/edit?usp=sharing,,B.Tech. ONLY,,
ES 115 (E),"Design, Innovation, and Prototyping",1.5,0,3,5,"K Chelvakumar(I+L),Manasi Anand Kanetkar(I+L),Malay Dhamelia(I+L)",,,,"E2
(Jasubhai Auditorium)",,"A1,C1,I1,K1,I2,M1,K2,L2,M2,P2
(Makers' Bhavan, Tinkerers' Lab, etc.)",,,,,
ES 115 (H),"Design, Innovation, and Prototyping",1.5,0,3,5,"K Chelvakumar(I+L),Manasi Anand Kanetkar(I+L),Malay Dhamelia(I+L)",,,,"H2
(7/209)",,,,,,,
HS 191,Introduction to writing I,1,3,0,2,Jooyung Kim(I+T),,,,,"B1,B2
(7/101,7/102,7/103,7/104,7/201,7/207,7/208,7/209,7/109,11/101)",,https://docs.google.com/document/d/1ckYtp1ER3XJ_86QWtu9mY6RUeYxUT-iIm25mHQ9PfSw/edit?tab=t.0,,,,
BS 192,Undergraduate Science Laboratory,0,0,3,3,"Partha Pratim Roy(I+L),Priya Tiwari(T),Chandan Kumar(T),Naveen Sisodia(L),Priyabrata Ghana(L)",,,,,,"I1,K1,I2,M1,K2,L2,M2,P2
(PH Lab)",Course_Policy_Chemistry_Physics.pdf,,,,
PE 101,Physical Education,0,0,0,0,,,,,,,,,,,,
IN 101,Comprehensive Viva Voce,0,0,0,0,,,,,,,,,,,,
,,,,,,,,,,,,,,,,,
Preparatory Courses,,,,,,,,,,,,,,,,,
PH 001,Preparatory Courses,3,0,0,4,Baradhwaj Colleppa(I),,,,"E1,E2
(5/202)",,,,,,,
CH 001,Preparatory Courses,3,0,0,4,Biswajit Mondal(I),,,,"B1,C2
(5/202)",,,,,,,
MA 001,Preparatory Courses,3,0,0,4,Sakshi Gupta(I),,,,"K1,K2
(7/101)",,,,,,,
HS 001,Preparatory Courses,3,0,0,4,Aditi Kothiyal(I),,,,"G1,G2
(11/205)",,,,,,,
,,,,,,,,,,,,,,,,,
Second Year (2025),,,,,,,,,,,,,,,,,
CL 202,Chemical Engineering Thermodynamics,2,1,0,3,Kaustubh S Rane(I+T),,,,"A1,A2
(7/109)","A1,A2
(7/109)",,https://docs.google.com/document/d/1iLomF3xbnss6e7bxCiaWdNX2dH7iS6zNzz_cTWwbuaQ/edit?usp=sharing,,,,
CL 203,Process Fluid Mechanics,2,1,0,3,Abinaya Sampath(I+T),,,,"E1,E2
(7/208)","E1,E2
(7/208)",,https://drive.google.com/file/d/1Gvd40vpa5zTfV5A5ibZG0gcXMR0eayFP/view?usp=sharing,,,,
CL 204,Heat Transfer,2,1,0,3,Sameer V Dalvi(I+T),,,,"D1,D2
(11/102)","D1,D2
(11/102)",,https://drive.google.com/file/d/1x1xzqRx0BIM2ZYxNlUrfnst5JWBAnCoN/view?usp=drive_link,,,,
CS 202,Software Tools and Techniques for CSE,1.5,0,3,4,Abhishek Bichhawat(I+L),,,,"D1
(Jayshree S Sheth Learning Theatre)",,"J2,M2
(Harsha Patel Learning Theatre,10/204)",https://docs.google.com/document/d/14IvvU2aCu9HGfI2FIht64dEG_BJjAqhoZMftEI5PWis/edit?usp=sharing,,,,
CS 203,Software Tools & Techniques for AI,1.5,0,3,4,Yogesh Kumar Meena(I+L),,,,"D2
(Jayshree S Sheth Learning Theatre)",,"I2,M1
(10/203,10/204)",https://yogeshkmeena.github.io/Teaching/,,,,
GE 201,General Education II,3,0,0,2,Argha Manna(I),,,,"P1,P2
(Jasubhai Auditorium,Surendra C Sheth Learning Theatre)",,,,,,,
HS 221,Introduction to Philosophy,3,0,0,4,Jaison Manjaly(I),,,,"N1,N2
(Jasubhai Auditorium)",,,https://drive.google.com/file/d/1C_aSRcOgmMaYgNqDZ25tHxIaxROsqYbs/view?usp=sharing,,,,
PH 202,Introduction to Quantum Physics,3,1,0,4,"Vinod Chandra(I),Pinaki Banerjee(I+T)",,,,"B1,B2
(7/206)","H2
(13/125,11/204)",,https://docs.google.com/document/d/10dlmKTP0Zsw8Y7GcksIkvv5eutvzJIZ6M5hMXAdavfA/edit?tab=t.0,,,,
PH 203,Solid State Physics,3,1,0,4,Krista Roluahpuia Khiangte(I+T),,,,"M1,M2
(7/110)","J1
(7/205)",,https://drive.google.com/file/d/1h15mPACk6bZmE9_SCLzfLC9SosBx1GV6/view?usp=sharing,,,,
ES 118,Materials for the Future,1.5,0,1.5,3,Amit Arora(I+L),,,,"C1
(Jagdish Patel Learning Theatre)",,"C2
(CL Lab)",,,,,
ES 204,Digital Systems,2,1,1.5,4,"Manu Awasthi(I+T+L),Sameer G Kulkarni(T),Manoj D Gupta(T),Bireswar Das(T),Adithya Kumar(T)",,,,"E1,E2
(10/103)","L1
(10/103,7/108,7/109,7/208,11/101,11/102)","K1
(10/103)",https://docs.google.com/document/d/1YzKcgnXZk4eu9vOeKHLpzrJ94jubBlcV22u_bQ0ZDl8/edit?tab=t.0,,,,
ES 243,Biology for Engineers,3,1,0,4,TBD(I+T),,,,,,,,,,,
MSE 206,Physics of Materials,3,0,0,4,Satyakam Kar(I),,,,"D1,D2
(7/105)",,,https://drive.google.com/file/d/1wlhoqLmSwB3f0XdJkLx795UjMHH9gAUK/view?usp=drive_link,,,,
MSE 314,Materials Selection and Design,3,0,0,3,Superb Misra(I),150,,,"C2 (Jasubhai Auditorium)
I2 (Jagdish Patel Learning Theatre)",,,https://docs.google.com/document/d/1VqVk8K1u7VIGWlCTpTpTFixXZDebuhyD/edit?usp=sharing&ouid=106596940959370216293&rtpof=true&sd=true,,,,
MSE 318,Introduction to Quantum Materials and Devices,3,0,0,3,Anagh Bhaumik(I),150,,,"C1 (Jasubhai Auditorium)
I2 (Jayshree S Sheth Learning Theatre)",,,Course Plan_MSE 318.pdf,,,,
MSE 319,Additive Manufacturing and 3D Printing of Materials,3,0,0,3,Avinash Hariharan(I),150,,,"C1,I2
(Surendra C Sheth Learning Theatre)",,,https://drive.google.com/file/d/1V61-VyU7WqPjguMoE7KRr4hUyhzRKG7W/view?usp=drive_link,,,,
MSE 317,Materials Processing,2,1,1.5,4,"Emila Panda(I+T+L),Pradipta Ghosh(I+T+L)",,,,,,,,,,,
ME 207,Fluid Dynamics,3,1.5,1.5,5,"Shubhangi Shamsundar Bansude(I+T),Uddipta Ghosh(T),Lokesh Malik(L)",,,,"E1,E2
(7/109)","J2
(11/101,11/102)","K1
(ME Lab)",https://drive.google.com/file/d/1tTN5aA-Rn8g7cEnqo-RrvENjd3-5GNOX/view?usp=sharing,,,,
ME 209,Principles of Manufacturing Processes,2,0,1.5,3,Rakesh Singhai(I+L),,,,"D1,D2
(7/209)",,"A2
(7/209)",https://drive.google.com/file/d/19TmTi65Tp8N7TYFaZS2cB6qztPael3mB/view?usp=drive_link,,,,
MA 205,Calculus of Several Variables (first half),3,1.5,0,2,Tanya Kaushal Srivastava(I+T),,,,"F1,F2
(Jasubhai Auditorium)","B1
(Surendra C Sheth Learning Theatre,10/203,10/204,11/102,7/105,7/204,10/102,7/210)",,https://docs.google.com/document/d/1JfSWY7u7J7oVMK7QIZ9QtWu3q_7nHA2qi86mJYLZUBw/edit?usp=sharing,,Maths Basket,,BS
MA 206,Introduction to Complex Analysis (second half),3,1.5,0,2,Projesh Nath Choudhury(I+T),,,,"F1,F2
(7/205)","B1
(7/205)",,https://projesh.people.iitgn.ac.in/Teaching/MA206/CP_MA206-26.pdf,,Maths Basket,,BS
MSE 202,Materials Thermodynamics,3,1,0,4,Sesha Sai Behara(I+T),,,,"E1,E2
(7/104)","H1
(7/101)",,https://drive.google.com/file/d/1EVFsTZH6wrZTfJTknnTuPW3_g8PKSt1p/view?usp=sharing,,,,
CE 201,Earth Materials and Processes,1.5,0,3,2,Pankaj Khanna(I+L),,,,"E1
(13/124)",,"I1,K1
(CE Lab)",https://drive.google.com/file/d/1vyNn95PZYkZMhlRpY66kT3XCDtt7QV75/view?usp=sharing,,,,
CL 201,Chemical Process Calculations,2,1.5,0,3,Pratyush Dayal(I+T),,,,"G1,G2
(10/102)","I1
(11/101)",,https://iitgnacin-my.sharepoint.com/:b:/g/personal/pdayal_iitgn_ac_in/IQDQ_tCc1TY2RIGDi97pFvdvAUKIYc_ADcdK-Yy0gw-iC6k?e=YCfr6a,,,,
ES 242,Data Structures and Algorithms I,3,0,1.5,4,"Manoj D Gupta(I+L),Anup Kalbalia(L)",,,,"G1,G2
(10/103)",,"I1
(10/104,10/105,10/203,10/204)",https://anup.github.io/courses/es242-2026-27-sem1/,,,,
ES 244,"Signals, Systems, and Random Processes",3,1.5,0,4,Uttama Lahiri(I+T),,,,"D1,D2
(10/103)","H2
(10/103)",,https://drive.google.com/file/d/1XwAH5oaeGiHCihXdgUxrtU8lYoo7MKut/view?usp=sharing,,,,
ES 221,Mechanics of Solids,3,1.5,0,4,Manish Kumar(I+T),,,,"G1,G2
(7/210)","A1
(7/101)",,https://drive.google.com/file/d/1qr2j1c6lTxCJtIJk6oJkx06RH63vpT8U/view?usp=drive_link,,,,
CE 203,Geospatial Engineering,1.5,0,3,3,Vimal Mishra(I+L),,,,"E2
(7/101)",,"J1,L1
(10/102)",,,,,
EE 223,Electrical Machines,2,1,1.5,4,Ragavan K.(I+T+L),,,,"M1,M2
(Surendra C Sheth Learning Theatre)",,"I1,H1,J1,N1
(EE Lab)",https://drive.google.com/file/d/12QVGXFPpgdC4SI_c4nVJdnYjmwEeflr6/view?usp=sharing,,,,
MSE 204,Transport Phenomena in Materials Engineering,3,1,0,4,Amit Arora(I+T),,,,"J1,K2
(Harsha Patel Learning Theatre)","H2
(Harsha Patel Learning Theatre)",,https://drive.google.com/file/d/1oIz0DE_8DJTK-ftPR2d0EVA2-LK0OqJG/view?usp=sharing,,,,
ME 206,Statics and Dynamics,2,1,1.5,4,Harish J Palanthandalam-Madapusi(I+T),,,,"M1,M2
(7/203)",,"K2
(ME Lab)",https://drive.google.com/file/d/19qbhYdYZfvrpdxWHPdtBFGwi6EbErrE7/view?usp=sharing,,,,
EE 322,Analog & Mixed Signal Circuits,2,1,1.5,4,"Madhav Kiritkumar Pathak(I+T+L),Dinesh Kumar Sharma(T+L)",,,,"C2,H1
(Surendra C Sheth Learning Theatre,7/208)",,"L2,K2
(EE Lab)",https://docs.google.com/document/d/1qkB6qoyhYeKNyaIr75kmvdZ5FmPwvor_FvCq_VxoJDc/edit?usp=sharing,,,,
ES 339,Integrated Circuit Fabrication Lab,0,0,3,2,"Sandip Lashkare(L),Anagh Bhaumik(L)",,,,,,"I1,K1,K2,L2
(5/202)",https://iitgnacin-my.sharepoint.com/:b:/g/personal/sandip_lashkare_iitgn_ac_in/IQC-Q8UEp9RdS7xY-9_JDDiCAZeZawdAASqKKHe8b5mAPz4?e=TbDY2D,,,,
PE 103,Physical Education,0,0,0,0,,,,,,,,,,,,
IN 103,Comprehensive Viva Voce,0,0,0,0,,,,,,,,,,,,
ES XXX,Science Basket Course,-,-,-,4,,,,,,,,,,,,
,,,,,,,,,,,,,,,,,
5th Sem | B Tech Artificial Intelligence,,,,,,,,,,,,,,,,,
HS 151,Economics,3,1,0,4,"Deepak Singhania(I),Praharsh Mohanlal Patel(T)",,,,"A1,A2
(Jasubhai Auditorium)","I2
(Jasubhai Auditorium,7/101,7/102,7/103,7/105,7/107,7/110,7/201,7/204,7/205)",,https://drive.google.com/file/d/1rHrc62tPltvkY5TUoBjNl3fV_2tuz-SC/view?usp=sharing,,,,
CS 328,Introduction to Data Science,3,1,0,4,Nirmal Kumar Sancheti(I+T),,,,"N1,N2
(10/103)","L2
(10/103)",,https://docs.google.com/document/d/15sq5ECE9jmMo3EaWCX7aa3YQoy7Z2kkFyY2EPUM03E8/edit?usp=sharing,,,,
CS 329,Foundations of AI: Multiagent Systems,3,0,0,4,Manisha Padala(I),,,,"P1,P2
(10/103)",,,https://sites.google.com/iitgn.ac.in/mas,,,,
ES 335,Machine Learning,3,1.5,0,4,"Udit Bhatia(I+T),Krishna Prasad Miyapuram(T)",,,,"J1,K2
(10/103)","B2
(Jagdish Patel Learning Theatre,Harsha Patel Learning Theatre)",,https://ml2026.floodresq.com/,,,,
ES 678,Machine Learning,3,1.5,0,4,"Udit Bhatia(I+T),Krishna Prasad Miyapuram(T)",,,,"J1,K2
(10/103)","B2
(Jagdish Patel Learning Theatre,Harsha Patel Learning Theatre)",,https://ml2026.floodresq.com/,,,,
HS XXX,HSS Elective,,,,4,,,,,,,,,,,,
,Basic Science Elective,,,,4,,,,,,,,,,,,
IN 105,Comprehensive Viva Voce,0,0,0,0,,,,,,,,,,,,
,,,,,,,,,,,,,,,,,
7th Sem | B Tech Artificial Intelligence,,,,,,,,,,,,,,,,,
,Open Elective,,,,,,,,,,,,,,,,
,Open Elective,,,,,,,,,,,,,,,,
HS 3XX,HSS Elective,,,,,,,,,,,,,,,,
IN 107,Comprehensive Viva Voce,0,0,0,0,,,,,,,,,,,,
,,,,,,,,,,,,,,,,,
5th Sem | B Tech Chemical Engineering,,,,,,,,,,,,,,,,,
HS 151,Economics,3,1,0,4,"Deepak Singhania(I),Praharsh Mohanlal Patel(T)",,,,"A1,A2
(Jasubhai Auditorium)","I2
(Jasubhai Auditorium,7/101,7/102,7/103,7/105,7/107,7/110,7/201,7/204,7/205)",,https://drive.google.com/file/d/1rHrc62tPltvkY5TUoBjNl3fV_2tuz-SC/view?usp=sharing,,,,
CL 313,Chemical Reaction Engineering - II,2,1,0,3,Kabeer Jasuja(I+T),,,,"G1,G2
(7/108)","G1,G2
(7/108)",,https://docs.google.com/document/d/1wRIrr6PhWTeONjRrKQFQQWRuifkiFnaI/edit?usp=sharing&ouid=108844359824993233057&rtpof=true&sd=true,,,,
CL 314,Separation Processes - I,2,1,0,3,Karthik Subramaniam Pushpavanam(I+T),,,,"E1,E2
(10/102)","E1,E2
(10/102)",,https://docs.google.com/document/d/1ICMYI2Qfc9QH-pgdEGNjoOSK96hQWvn3Z5AyFS9I81g/edit?usp=sharing,,,,
CL 315,Process Dynamics and Control,2,1,0,3,Mithun Radhakrishna(I+T),,,,"D1,D2
(10/102)","D1,D2
(10/102)",,https://iitgnacin-my.sharepoint.com/:b:/g/personal/mithunr_iitgn_ac_in/IQByz_SFR-KSSoE2gxcXu8QLAVICzthzdljJleO1EIf1sTk?e=6Ygd0m,,,,
CL 326,Integrated Chemical Engineering Lab-I,0,0,4.5,3,Biswajit Saha(L),,,,,,"J1,L1,N1
(CL Lab)",https://iitgnacin-my.sharepoint.com/:b:/g/personal/bsaha_iitgn_ac_in/IQB_Rgl0TgbkToHNbFSrEWxeAaWb4yVCjqBd423XZHJWJLU?e=9eNIBR,,,,
CL XXX,Discipline Elective,,,,4,,,,,,,,,,,,
,Basic Science Elective,,,,4,,,,,,,,,,,,
IN 105,Comprehensive Viva Voce,0,0,0,0,,,,,,,,,,,,
,,,,,,,,,,,,,,,,,
7th Sem | B Tech Chemical Engineering,,,,,,,,,,,,,,,,,
CL XXX,Discipline Elective,,,,,,,,,,,,,,,,
,Open Elective,,,,,,,,,,,,,,,,
,Open Elective,,,,,,,,,,,,,,,,
IN 107,Comprehensive Viva Voce,0,0,0,0,,,,,,,,,,,,
,,,,,,,,,,,,,,,,,
5th Sem | B Tech Civil Engineering,,,,,,,,,,,,,,,,,
HS 151,Economics,3,1,0,4,"Deepak Singhania(I),Praharsh Mohanlal Patel(T)",,,,"A1,A2
(Jasubhai Auditorium)","I2
(Jasubhai Auditorium,7/101,7/102,7/103,7/105,7/107,7/110,7/201,7/204,7/205)",,https://drive.google.com/file/d/1rHrc62tPltvkY5TUoBjNl3fV_2tuz-SC/view?usp=sharing,,,,
CE 301,Soil Mechanics,3,1,2,5,"Amit Prashant(I+T),Ajanta Sachan(L)",,,,"G1,G2
(7/103)","H2
(7/101)","L2,N2
(CE Lab)",https://1drv.ms/b/c/7601c78936386427/IQDUhDvHo6k_R5vZuHa5EHiKAeFE9X3U2gUCeJrpU_asg9U?e=isUyUj,,,,
CE 312,Design of Steel Structures,3,1,0,4,Gaurav(I+T),,,,"D1,D2
(7/101)","B2
(7/210)",,https://gauravs.people.iitgn.ac.in/310.1_CE312_Fall2026.html,,,,
CE 310,Hydrology and Hydraulics,3,0,1.5,4,Pranab Kumar Mohapatra(I+L),,,,"C1,C2
(7/204)",,"J1
(7/204)",https://docs.google.com/document/d/1nDW86dlCRdRpFR7xnlAI3Jz91guQkLuM/edit?usp=sharing&ouid=108119040002855153213&rtpof=true&sd=true,,,,
CE 404,Transportation Engineering,3,0,0,4,Sushobhan Sen(I),,,,"F1,F2
(7/204)",,,https://iitgnacin-my.sharepoint.com/:w:/g/personal/sushobhan_sen_iitgn_ac_in/IQA2R12xjvaGTas2xfLWiV5uAbAFhNbQf7YT37rj582Owp0?e=9uHMCf,,,,
HS XXX,HSS Elective,3,0,0,4,,,,,,,,,,,,
IN 105,Comprehensive Viva Voce,0,0,0,0,,,,,,,,,,,,
,,,,,,,,,,,,,,,,,
7th Sem | B Tech Civil Engineering,,,,,,,,,,,,,,,,,
HS XXX,HSS Elective,,,,,,,,,,,,,,,,
,BS Elective,,,,,,,,,,,,,,,,
,Open Elective,,,,,,,,,,,,,,,,
IN 107,Comprehensive Viva Voce,0,0,0,0,,,,,,,,,,,,
,,,,,,,,,,,,,,,,,
5th Sem | B Tech Computer Science and Engineering,,,,,,,,,,,,,,,,,
HS 151,Economics,3,1,0,4,"Deepak Singhania(I),Praharsh Mohanlal Patel(T)",,,,"A1,A2
(Jasubhai Auditorium)","I2
(Jasubhai Auditorium,7/101,7/102,7/103,7/105,7/107,7/110,7/201,7/204,7/205)",,https://drive.google.com/file/d/1rHrc62tPltvkY5TUoBjNl3fV_2tuz-SC/view?usp=sharing,,,,
CS 202,Software Tools and Techniques for CSE,1.5,0,3,4,Abhishek Bichhawat(I+L),,,,"D1
(Jayshree S Sheth Learning Theatre)",,"J2,M2
(Harsha Patel Learning Theatre,10/204)",https://docs.google.com/document/d/14IvvU2aCu9HGfI2FIht64dEG_BJjAqhoZMftEI5PWis/edit?usp=sharing,,,,
CS 330,Operating Systems,3,0,1.5,4,Balagopal Komarath(I+L),,,,"E1,E2
(Surendra C Sheth Learning Theatre)",,"H1
(10/203,10/204)",https://docs.google.com/document/d/10uyNKy-2LCnDZ7eyVu8cxFakN7IF2OFL036-TkairYU/edit?usp=sharing,,,,
CS 331,Computer Networks,3,1.5,0,4,Sameer G Kulkarni(I+T),,,,"G1,G2
(Surendra C Sheth Learning Theatre)","H2
(Surendra C Sheth Learning Theatre)",,https://docs.google.com/document/d/19Dx-AmSWw_Qc1AgwQF7ibPd8231zBGBD/edit?usp=sharing&ouid=105240883128772122406&rtpof=true&sd=true,,,,
CS 329,Foundations of AI: Multiagent Systems,3,0,0,4,Manisha Padala(I),,,,"P1,P2
(10/103)",,,https://sites.google.com/iitgn.ac.in/mas,,,,
HS 3XX,HSS Elective,,,,,,,,,,,,,,,,
,BS Elective,,,,,,,,,,,,,,,,
IN 105,Comprehensive Viva Voce,0,0,0,0,,,,,,,,,,,,
,,,,,,,,,,,,,,,,,
7th Sem | B Tech Computer Science and Engineering,,,,,,,,,,,,,,,,,
,Open Elective,,,,,,,,,,,,,,,,
,Open Elective,,,,,,,,,,,,,,,,
HS 3XX,HSS Elective,,,,,,,,,,,,,,,,
IN 107,Comprehensive Viva Voce,0,0,0,0,,,,,,,,,,,,
,,,,,,,,,,,,,,,,,
5th Sem | B Tech Electrical Engineering,,,,,,,,,,,,,,,,,
HS 151,Economics,3,1,0,4,"Deepak Singhania(I),Praharsh Mohanlal Patel(T)",,,,"A1,A2
(Jasubhai Auditorium)","I2
(Jasubhai Auditorium,7/101,7/102,7/103,7/105,7/107,7/110,7/201,7/204,7/205)",,https://drive.google.com/file/d/1rHrc62tPltvkY5TUoBjNl3fV_2tuz-SC/view?usp=sharing,,,,
EE 312,Engineering Electromagnetics,3,1,0,4,Ravi Hedge(I+T),,,,"G1,G2
(Jayshree S Sheth Learning Theatre)","H2
(7/208)",,https://docs.google.com/document/d/1Mitg2tScGQkx5Uf_YOHr7_RVZp7UcnQsSYWoLQXkq0I/edit?usp=drivesdk,,,,
EE 322,Analog & Mixed Signal Circuits,2,1,1.5,4,"Madhav Kiritkumar Pathak(I+T+L),Dinesh Kumar Sharma(T+L)",,,,"C2,H1
(Surendra C Sheth Learning Theatre,7/208)",,"L2,K2
(EE Lab)",https://docs.google.com/document/d/1qkB6qoyhYeKNyaIr75kmvdZ5FmPwvor_FvCq_VxoJDc/edit?usp=sharing,,,,
EE 323,Digital Signal Processing,3,1.5,0,4,"Nithin George(I+T),Kartik Patel(T)",,,,"D1,D2
(Jagdish Patel Learning Theatre)","F1
(Jagdish Patel Learning Theatre,Harsha Patel Learning Theatre)",,https://drive.google.com/file/d/1MSyskRyVJeFJrdMGKj3wuoTEcuO58PD_/view?usp=sharing,,,,
EE 333,Power Electronics,2,1,1.5,4,Pallavi Bharadwaj(I+T+L),,,,"E1,E2
(Jagdish Patel Learning Theatre)","C1
(Harsha Patel Learning Theatre)","I2,M1,J2,M2
(EE Lab)",https://docs.google.com/document/d/1kpWiMQ6CJZw0knrwqqR6tLwOAW01mH4WOPDg9DRpNEg/edit?usp=sharing,,,,
HS XXX,HSS Elective,3,0,0,4,,,,,,,,,,,,
IN 105,Comprehensive Viva Voce,0,0,0,0,,,,,,,,,,,,
,,,,,,,,,,,,,,,,,
7th Sem | B Tech Electrical Engineering,,,,,,,,,,,,,,,,,
HS XXX,HSS Elective (choose from list below),,,,,,,,,,,,,,,,
,Open Elective,,,,,,,,,,,,,,,,
,Open Elective,,,,,,,,,,,,,,,,
,Basic Science Elective,,,,,,,,,,,,,,,,
IN 107,Comprehensive Viva Voce,0,0,0,0,,,,,,,,,,,,
,,,,,,,,,,,,,,,,,
5th Sem | B Tech Integrated Circuit Design & Technology,,,,,,,,,,,,,,,,,
HS 151,Economics,3,1,0,4,"Deepak Singhania(I),Praharsh Mohanlal Patel(T)",,,,"A1,A2
(Jasubhai Auditorium)","I2
(Jasubhai Auditorium,7/101,7/102,7/103,7/105,7/107,7/110,7/201,7/204,7/205)",,https://drive.google.com/file/d/1rHrc62tPltvkY5TUoBjNl3fV_2tuz-SC/view?usp=sharing,,,,
MSE 352,Material Characterization Techniques,1.5,0,3,4,Emila Panda(I+L),,,,"N2,P2
(10/102)",,"L1,N1
(MSE Lab)",https://drive.google.com/file/d/1XKogvsDbG2UkVcRGtYrwvWQRT6yDCJ0p/view?usp=drive_link,,,,
ES 339,Integrated Circuit Fabrication Lab,0,0,3,2,"Sandip Lashkare(L),Anagh Bhaumik(L)",,,,,,"I1,K1,K2,L2
(5/202)",https://iitgnacin-my.sharepoint.com/:b:/g/personal/sandip_lashkare_iitgn_ac_in/IQC-Q8UEp9RdS7xY-9_JDDiCAZeZawdAASqKKHe8b5mAPz4?e=TbDY2D,,,,
,Discipline Elective #1,-,-,-,4,,,,,,,,,,,,
,Discipline Elective #2,-,-,-,4,,,,,,,,,,,,
ES XXX,Science Basket Course,-,-,-,4,,,,,,,,,,,,
,,,,,,,,,,,,,,,,,
5th Sem | B Tech Mechanical Engineering,,,,,,,,,,,,,,,,,
HS 151,Economics,3,1,0,4,"Deepak Singhania(I),Praharsh Mohanlal Patel(T)",,,,"A1,A2
(Jasubhai Auditorium)","I2
(Jasubhai Auditorium,7/101,7/102,7/103,7/105,7/107,7/110,7/201,7/204,7/205)",,https://drive.google.com/file/d/1rHrc62tPltvkY5TUoBjNl3fV_2tuz-SC/view?usp=sharing,,,,
ES 245,Control Systems,3,1.5,0,4,Vineet Vashista(I+T),,,,"D1,D2
(Harsha Patel Learning Theatre)","H1
(Harsha Patel Learning Theatre)",,https://drive.google.com/file/d/16b4Jey_9XhKRdaFEoyUjCdtEDLl9gZtz/view?usp=sharing,,,,
ME 333,Mechanics of Materials,2,1,1,3,"Harini Subramanian(I+T),Ravi Sastri Ayyagari(T+L)",,,,"H2,F2
(7/108)","J2
(7/204,7/205)",,https://iitgnacin-my.sharepoint.com/:w:/g/personal/harini_subramanian_iitgn_ac_in/IQA3aYYcfycwTZ19p75hjFyLASY4KgNMHCupipwluzcyI50?e=90LUzj,,,,
ME 334,Heat and Mass Transfer,3,1,1,4,"Atul Bhargav(I+T),Soumyadip Sett(L)",,,,"B1,C2
(Jagdish Patel Learning Theatre)","C1
(10/104)","F1
(10/104)",https://docs.google.com/spreadsheets/d/1xpeBE-BrDwbWADbGkZL81OL_LJQp8lJkLuGkDOvilVo/edit?gid=251186736#gid=251186736,,,,
ME 362,Introduction to Manufacturing Systems and Metrology ,2,0,1.5,3,Rakesh Singhai(I+L),,,,"E1,E2
(Harsha Patel Learning Theatre)",,"L2
(Harsha Patel Learning Theatre)",https://drive.google.com/file/d/1QdOR1PDptsbmN36xXT0_QJv1PLzdJvZt/view?usp=drive_link,,,,
HS XXX,HSS Elective,,,,,,,,,,,,,,,,
IN 105,Comprehensive Viva Voce,0,0,0,0,,,,,,,,,,,,
,,,,,,,,,,,,,,,,,
7th Sem | B Tech Mechanical Engineering,,,,,,,,,,,,,,,,,
HS XXX,HSS Elective,,,,,,,,,,,,,,,,
,Basic Science Elective,,,,,,,,,,,,,,,,
,Open Elective,,,,,,,,,,,,,,,,
,Open Elective,,,,,,,,,,,,,,,,
IN 107,Comprehensive Viva Voce,0,0,0,0,,,,,,,,,,,,
,,,,,,,,,,,,,,,,,
5th Sem | B Tech Materials Engineering,,,,,,,,,,,,,,,,,
HS 151,Economics,3,1,0,4,"Deepak Singhania(I),Praharsh Mohanlal Patel(T)",,,,"A1,A2
(Jasubhai Auditorium)","I2
(Jasubhai Auditorium,7/101,7/102,7/103,7/105,7/107,7/110,7/201,7/204,7/205)",,https://drive.google.com/file/d/1rHrc62tPltvkY5TUoBjNl3fV_2tuz-SC/view?usp=sharing,,,,
MSE 313,"Polymers, Ceramics and Composites",3,0,1.5,4,Abhijit Mishra(I+L),,,,"E1,E2
(7/105)",,"K1
(MSE Lab)",https://docs.google.com/document/d/1M2_czf-0yC-0w2R-K1vtllVxyzIcHId4/edit?usp=sharing&ouid=107364619680903589902&rtpof=true&sd=true,,,,
MSE 304,Principles of Metal Extraction and Refining,3,0,0,4,S.P. Mehrotra(I),,,,"J1,J2
(7/105)",,,https://drive.google.com/file/d/1xZjSzDS1fQQqyoQFSIOXvn2yI0ewDclv/view?usp=drive_link,,,,
MSE 317,Materials Processing,2,1,1.5,4,"Emila Panda(I+T+L),Pradipta Ghosh(I+T+L)",,,,"D1,D2
(11/206)",,"I1
(MSE Lab)",https://drive.google.com/file/d/1jxK2NU_AkUNFHAiWbOCLyzjTBDTHdOId/view?usp=sharing,,,,
HS XXX,HSS Elective,,,,,,,,,,,,,,,,
IN 105,Comprehensive Viva Voce,0,0,0,0,,,,,,,,,,,,
,,,,,,,,,,,,,,,,,
7th Sem | B Tech Materials Engineering,,,,,,,,,,,,,,,,,
HS XXX,HSS Elective,,,,,,,,,,,,,,,,
,Basic Science Elective,,,,,,,,,,,,,,,,
,Open Elective,,,,,,,,,,,,,,,,
,Open Elective,,,,,,,,,,,,,,,,
IN 107,Comprehensive Viva Voce,0,0,0,0,,,,,,,,,,,,
,,,,,,,,,,,,,,,,,
Orientation Programme: ALL New Postgraduate Students,,,,,,,,,,,,,,,,,
FP 501,Aarohan (For 2026 MSc and MA students),0,0,0,2,,,,,,,,,,,,
FP 601,"Aarohan (For 2026 MTech, PGDIIT and PhD students)",0,0,0,2,,,,,,,,,,,,
,,,,,,,,,,,,,,,,,
Additional Courses: Physical Education for Postgraduate Students,,,,,,,,,,,,,,,,,
PE 500,Physical Education (MSc and MA students),0,0,0,0,,,,,,,,,,,,
PE 600,Physical Education (MTech and PhD students),0,0,0,0,,,,,,,,,,,,
,,,,,,,,,,,,,,,,,
Viva Voce/ Group Discussion,,,,,,,,,,,,,,,,,
,Comprehensive Viva Voce,0,0,0,0,,,,,,,,,,,,
,Comprehensive Viva Voce,0,0,0,0,,,,,,,,,,,,
,Comprehensive Viva Voce,0,0,0,0,,,,,,,,,,,,
Additional Courses: Biological Engineering																	,,,,,,,,,,,,,,,,,
BE 303,Bionanotechnology – Principles and Applications,3,0,0,4,Mukesh Dhanka(I),,,,"F1,F2
(7/101)",,,BE303- Bionanotechnology - 2026.docx,,,,BS
BE 305,Origins of Species,3,0,0,4,Umashankar Singh(I),,,,"A1,A2
(7/202)",,,https://docs.google.com/document/d/1SFpkWAUK8ODsG94xPAJgJFCiEWPHAWrtxNQlF8dzM6w/edit?usp=sharing,,,,BS
BE 404,Genetic Engineering – Principles and Applications,3,0,0,4,Sharmistha Majumdar(I),,,,"N1,N2
(7/103)",,,https://docs.google.com/document/d/15GwWUey5pU4rAc4TEq35KWSj-XnwYwsiNONk683Kk0s/edit?tab=t.0,,,,BS
BE 614,Biostatistics,1.5,0,3,4,Ashutosh Srivastava(I+L),,,,"H2
(7/201)",,"B1,D1
(10/105)",https://iitgnacin-my.sharepoint.com/:b:/g/personal/ashutosh_s_iitgn_ac_in/IQBZ13B3P_1wRpRGgMCw5CoHAZ-Cq35_exVKj_dljoymkvw?e=4GXHSA,,,,BS
BE 616,Human Physiology,3,0,0,4,Karla Patricia Mercado-Shekhar(I),,,,"E1,E2
(7/106)",,,https://iitgnacin-my.sharepoint.com/:b:/g/personal/karlamshekhar_iitgn_ac_in/IQBW0_CGCHbQSb-PWTzuyEDHAZG1hVjZqWN3Ql9gqoAgQmw?e=CrBXs5,,,,BS
BE 618,Molecular Biotechnology ,1.5,0,3,4,Subramanian Sankaranarayanan(I+L),,,,"G2
(7/101)",,"J1,L1
(BE Lab)",Molecular Biotechnology Course plan 2026.1.docxe,,,,
BE 621,Peptide Technologies ,1.5,0,3,2,Sharad Gupta(I+L),,,,"C1
(13/125)",,"I2,M1
(BE Lab)",https://docs.google.com/document/d/1RJe6_CUgTsUFP3yjiY_ceNMeKX7DjkDn/edit?usp=sharing&ouid=112848911477366873416&rtpof=true&sd=true,,,,
BE 622,Applied Stem Cells Technologies,3,0,0,4,Dhiraj D Bhatia(I),,,,"A1,A2
(7/204)",,,https://docs.google.com/document/d/1KdClKDUCfOw-lyAqLro2DI1JBJnyJZJy/edit?usp=sharing&ouid=114828150794801814953&rtpof=true&sd=true,,,,BS
BE 623,Biocomputing,0,0,3,2,Ashutosh Srivastava(I+L),,,,,,"K2,L2
(10/104)",https://iitgnacin-my.sharepoint.com/:b:/g/personal/ashutosh_s_iitgn_ac_in/IQCHhjucngCCT6TI_rZAlonlAV--s72ddhRjtuOfln0LGSg?e=H9PJWw,,,,
BE 625,AI Applications in Life Sciences,3,0,0,4,"Sharad Gupta(I),Krishna Prasad Miyapuram(I),Ashutosh Srivastava(I)",,,,"G1 (7/101)
D2 (7/110)",,,https://docs.google.com/document/d/1H2KmwC490Oqeg5AVBP0io7QlBxusLcV8ElPygN0uDNw/edit?usp=sharing,,,,
,,,,,,,,,,,,,,,,,
Additional Courses: Civil Engineering																	,,,,,,,,,,,,,,,,,
CE 315,Civil Engineering Materials,3,0,0,4,Krishna Siva Teja Chopperla(I),,,,"H1,K2
(7/209)",,,https://iitgnacin-my.sharepoint.com/:b:/g/personal/siva_chopperla_iitgn_ac_in/IQBg5Fv7TOB3RoqYHpULkmhHAaB-hEx0eqmwldaQOv5HHOA?e=aS00qS,,,,
CE 316,Integrated Waste Management and Circular Economy,3,0,0,4,Abhishek Singhal(I),,,,"I1,I2
(Harsha Patel Learning Theatre)",,,https://drive.google.com/file/d/1YQfG-UtElN34CoR0vNtSXkS1qgUx5H_E/view?usp=sharing,,,,
CE 624,River Engineering,3,0,0,4,Subhasish Dey(I),,,,"G1,G2
(7/204)",,,https://docs.google.com/document/d/1qTdZyUilgbww7hzate9tt6ZaH0--F9EU/edit?usp=share_link&ouid=108119040002855153213&rtpof=true&sd=true,,,,
CE 642,Integrated Waste Management and Circular Economy,3,0,0,4,Abhishek Singhal(I),,,,"I1,I2
(Harsha Patel Learning Theatre)",,,https://drive.google.com/file/d/1YQfG-UtElN34CoR0vNtSXkS1qgUx5H_E/view?usp=sharing,,,,
CE 601,Advanced Geotechnical Engineering,3,0,3,5,Ajanta Sachan(I+L),,,,"K1,L1
(7/209)",,"J2,M2
(CE Lab)",https://drive.google.com/file/d/15EDs7YadcMzV4KebgXY2DBdOmrcOTEPz/view?usp=sharing,,,,
CE 607,Advanced Structural Analysis,3,0,0,4,Dhiman Basu(I),,,,"E1,E2
(7/203)",,,https://drive.google.com/file/d/1kOvzUt1FieyqdRYqaa8oVSfExmmy8OQx/view?usp=drive_link,,,,
CE 611,Advanced Engineering Hydrology,3,0,0,4,Sharad Kumar Jain(I),,,,"D1,D2
(13/124)",,,https://drive.google.com/file/d/1eddwsTa3pqb81UtXGtZeqz_mXFVm5dAv/view?usp=drive_link,,,,
ES 621,Advanced Solid Mechanics,3,0,0,4,Harmeet Singh(I),,,,"D1,D2
(7/102)",,,https://drive.google.com/file/d/1XNr-Oi82lDzPpks_PhR0rTZsAXJ6HG16/view?usp=sharing,,,,
CE 622,Structural Dynamics,3,0,0,4,Srinivasan Chandrasekaran(I),,,,"A1,A2
(7/210)",,,https://drive.google.com/file/d/1lUtcRc2vynlp1RQ4TWaZsDmfgJH3Ltmn/view?usp=sharing,,,,
CE 625,Advanced Hydraulic Engineering,3,0,0,4,Pranab Kumar Mohapatra(I),,,,"E1,E2
(7/207)",,,https://docs.google.com/document/d/1pnO96PW1H3QDTf6iPCMKdGZOlie8xKWe/edit?usp=share_link&ouid=108119040002855153213&rtpof=true&sd=true,,,,
CE 627,Slopes and Retaining Structures,3,0,0,2,S.R.Gandhi(I),,,,"C1,C2
(11/204)",,,https://drive.google.com/file/d/1n5WN24Xv9TUKSsGi1JoyonGbcNsa-3OT/view?usp=sharing,,,,
CE 634,Air Pollution Control Engineering,3,0,0,4,Sameer Patel(I),,,,"J1,J2
(7/209)",,,https://docs.google.com/document/u/0/d/1JfSM1UIeB0lVIy1H2fl5hIxwvACF4L20Rx4NDbgEYeE/edit,,,,
CE 635,Pavement Materials and Design,3,0,0,4,Sushobhan Sen(I),,,,"C1,C2
(7/205)",,,https://iitgnacin-my.sharepoint.com/:w:/g/personal/sushobhan_sen_iitgn_ac_in/IQDrJ2qKk9n6Qpuvbo2hevsUATZae92mtChU5iOJg6WNA-g?e=2xVP6m,,,,
CE 637,Infrastructure Systems: Planning and Management,3,0,0,4,Udit Bhatia(I),,,,"E1,E2
(7/209)",,,https://infra2026.floodresq.com/,,,,
CE 638,Advanced Concrete Technology,3,0,0,4,Krishna Siva Teja Chopperla(I),,,,"C1,C2
(7/202)",,,https://iitgnacin-my.sharepoint.com/:b:/g/personal/siva_chopperla_iitgn_ac_in/IQDViUd4Rm2jQ5lweXtnY_YbAVSy0yPJ510k8dxXX30yl7U?e=Pp67wQ,,,,
CE 640,Hydrodynamics of Sediment Transport,3,0,0,4,Subhasish Dey(I),,,,"M1,M2
(7/109)",,,https://docs.google.com/document/d/1qTdZyUilgbww7hzate9tt6ZaH0--F9EU/edit?usp=share_link&ouid=108119040002855153213&rtpof=true&sd=true,,,,
CE 691-VI,Special Topics in Civil Engineering: Domestic Wastewater Engineering (Treatment and Reuse),3,0,0,4,Sudhir Kumar Arora(I),,,,"G1,G2
(7/203)",,,https://drive.google.com/file/d/1m24H1akjtw4YoNfSIiM1g3hL2__gmo7_/view?usp=share_link,,,,
CE 691-VIII,Special Topics in Civil Engineering: Administration of Contracts in the Infrastructure Industry,3,0,0,4,Col. Kishore(I),,,,"M1,M2
(13/124)",,,,,,,
CE 692-II,Special Topics in Civil Engineering: Water Resources Governance,3,0,0,2,JP Gupta(I),,,,"J1,J2
(7/202)",,,,,,,
,,,,,,,,,,,,,,,,,
Additional Courses: Chemical Engineering																	,,,,,,,,,,,,,,,,,
CL 324,Introduction to Polymer Science and Engineering,3,0,0,4,,,,,,,,,,,,
CL 328,Chemical Engineering Practice in Industry,1.5,0,0,2,"Kaustubh S Rane(I),Nitin U. Padhiyar(I)",,,,"P2
(11/102)",,,https://docs.google.com/document/d/1g8VwMdGr4GJs4OrtHfvexQ7OPDqeKNi2_Bwb6UF5_as/edit?usp=sharing,,,,
CL 353,Introduction to Process Safety,1.5,0,0,2,Chinmay Ghoroi(I),,,,"B1
(Harsha Patel Learning Theatre)",,,https://drive.google.com/file/d/1gXcTIl0AlmADSeC97bjMX01ZlmieXWpZ/view?usp=sharing,,,,
CL 426,Biochemical Engineering,3,0,0,4,Karthik Subramaniam Pushpavanam(I),,,,"F1,F2
(7/106)",,,https://docs.google.com/document/d/1PqQww0FlEJEQ0chpHXA6tsFJVShBJPITN4p9Z82UkIc/edit?usp=sharing,,,,
BS 401,Nanoscale Science,3,0,0,4,Kabeer Jasuja(I),,,,"M1,M2
(7/203)",,,,,,,BS
CL 601,Advance Transport Phenomena,3,1,0,4,Prachi Thareja(I+T),,,,"E1,E2
(7/108)","K2
(7/204)",,https://drive.google.com/file/d/1eYw8sozYjzRmZ0wUwYL-Ca9HpLZ4qeRp/view?usp=sharing,,,,
CL 602,Advanced Thermodynamics,3,1,0,4,Soumajit Dutta(I+T),,,,"A1,A2
(7/203)","L2
(7/203)",,CL 602 Advanced Thermodynamics,,,,
CL 604,Advanced Reaction Engineering,3,1,0,4,Chinmay Ghoroi(I+T),,,,"C1,C2
(7/107)","H2
(7/107)",,https://drive.google.com/file/d/1Hxq7jeAoGyel9zhLaBWEhzUfxIQtons9/view?usp=sharing,,,,
CL 633,Applications of AI in ChE,3,1,0,4,Nitin U. Padhiyar(I+T),,,,"H1,N2
(7/108)","J2
(7/109)",,https://docs.google.com/spreadsheets/d/1Zx1kEtyE5g7EDXIoiRjVp6-v9PuVhmZDzdBRDxTgGwI/edit?gid=1235957912#gid=1235957912,,,,
CL 635,Integrated Principles of Chemical Engineering,3,0,0,4,Sameer Dalvi(I),,,,"J1,K1
(7/208)",,,https://drive.google.com/file/d/14C51K9oT5CQ8s8oH6Zaq8-q_Wn_Jkg9p/view?usp=drive_link,,,,
ES 604,Engineering Optimization,3,0,0,4,Sai Praneeth(I),,,,"G1,G2
(7/208)",,,https://docs.google.com/document/d/1nAYf1QY6j7JGH7Lw7UwwHY31w_nIMNQU/edit?usp=drive_link&ouid=102748482566191991041&rtpof=true&sd=true,,,,
ES 662,"Flexible Electronics: Materials, Methods and Devices",3,0,0,4,Biswajit Saha(I),,,,"I1,I2
(7/203)",,,https://iitgnacin-my.sharepoint.com/:w:/g/personal/bsaha_iitgn_ac_in/IQAgc6De535kTI5BHvkyh-otASKy5pbIjDA1L5r_GBQxboI?e=Qyd2Li,,,,
,,,,,,,,,,,,,,,,,
Additional Courses: Computer Science and Engineering																	,,,,,,,,,,,,,,,,,
ES 248,Introduction to Data Structures and Algorithms,1.5,0,3,3,"Anup Kalbalia(I+L),Arjun Arul(I+L)",,,,"F1
(11/101)",,"K2,L2
(10/203)",https://anup.github.io/courses/es248-2026-27/course-plan/,,,,
CS 435,Human-Computer Interaction,3,0,0,4,Yogesh Kumar Meena(I),,,,"J1,P2
(11/101)",,,https://yogeshkmeena.github.io/Teaching/,,,,
CS 437,AI-Assisted Software Development Lab,0,0,3,2,"Arjun Arul(L),Anup Kalbalia(L)",,,,,,"P1,F2
(10/203)",https://docs.google.com/document/d/15bylbWLm5ylzU4_RrZUUwUBbkBrQozCJfZginxrwfns/edit?usp=drivesdk,,,,
CS 610,Algorithms,3,0,0,4,Bireswar Das(I),,,,"G1,G2
(7/109)",,,https://docs.google.com/document/d/1FR3B1uaVfesy6V3M3JLivJlmD_H8Jhda9_e9nz81e3o/edit?usp=sharing,,,,
CS 612,Computer Systems,3,0,0,4,Ajay Singh(I),,,,"A1,A2
(11/101)",,,https://docs.google.com/document/d/1rkO3HupBKTxuW4P_bS8WdPuI2Rz5UiSf/edit?usp=sharing&ouid=110990247842517328873&rtpof=true&sd=true,,,,
CS 613,Natural Language Processing,3,0,0,4,Mayank Singh(I),,,,"F1,F2
(Jayshree S Sheth Learning Theatre)",,,https://sites.google.com/iitgn.ac.in/cs613-2026/home,,,,
CS 614,Advanced Algorithms,3,0,0,4,Arjun Arul(I),,,,"E1,E2
(11/102)",,,,,,,
CS 619,CS Theory Toolkit,3,0,0,4,Anirban Dasgupta(I),,,,"L1,L2
(13/124)",,,https://docs.google.com/document/d/1DHyg6VoBb9hcpkJw1rTl6zxPpNmRReedm6YgFTSNZHA/edit?usp=drivesdk,,,,
CS 620,Incentives and Machine learning ,3,0,0,4,Manisha Padala(I),,,,"K1,K2
(13/124)",,,https://sites.google.com/iitgn.ac.in/mdml,,,,
ES 666,Computer Vision,3,0,0,4,Shanmuganathan Raman(I),,,,"C1,C2
(10/103)",,,https://shanmugaiit.github.io/es666.html,,,,
ES 667,Deep Learning,3,0,0,4,Nipun Batra(I),,,,"B1,B2
(Jayshree S Sheth Learning Theatre)",,,https://nipunbatra.github.io/dl-2026/,,,,
CS 691-XVII,Special Topics in Computer Science: Combinatorial and Computational Aspects of Games,3,0,0,4,,,,,,,,https://docs.google.com/document/d/1NwZcqAiXIz6zMqx6aSI6GIDphK3G_qe0nJbwQNMuMlg/edit?usp=sharing,,,,
CS 622,Combinatorial Game Theory,3,0,0,4,Jyothi Krishnan(I),,,,"L1,L2
(7/207)",,,https://docs.google.com/document/d/1NwZcqAiXIz6zMqx6aSI6GIDphK3G_qe0nJbwQNMuMlg/edit?usp=sharing,,,,
CS 691-XVIII,Special Topics Course: Algebraic Complexity theory,3,0,0,4,Balagopal Komarath(I),,,,"M1,M2
(7/207)",,,https://docs.google.com/document/d/1nYN-fgB5Oj6rbCghhdHXxppzpFyNDMxZyOYkfKkyco8/edit?usp=sharing,,,,
CS 623,Algebraic Complexity Theory,3,0,0,4,Balagopal Komarath(I),,,,"M1,M2
(7/207)",,,https://docs.google.com/document/d/1b7CuCo9So4LxVda_Ioj7ZwX2Cmp4OfgTbDPLoF6c7Vc/edit?usp=sharing,,,,
,,,,,,,,,,,,,,,,,
Additional Courses: Maritime Engineering                                                                                                                                        ,,,,,,,,,,,,,,,,,
EH 304,"Drone Data Acquisition, Processing and Interpretation",1,0,2,2,Pankaj Khanna(I+L),,,,"G1
(7/104)",,"C1,F1
(10/105)",https://drive.google.com/file/d/1EVIPMOmf589bW-HklmVUpH_JP6goTpms/view?usp=sharing,,,,
MTE 602,Analysis and Design of Marine Structures,3,0,0,4,Srinivasan Chandrasekaran(I),,,,"B1 (7/106)
C2 (7/105)",,,https://drive.google.com/file/d/1OAtYYjx6Cbc0S6dNG-uteILeZCmmciNt/view?usp=sharing,,,,
MTE 603,Dynamics of Maritime Structures,3,0,0,4,Srinivasan Chandrasekaran(I),,,,"D1,D2
(7/103)",,,https://drive.google.com/file/d/1OdMX220ZYxx2DT3l-z8u--TYML-YPoXu/view?usp=sharing,,,,
MTE 692-I,Special Topics in Maritime Engineering: French Language for Maritime Engineers (second half),3,0,0,2,Manshika Mehta(I),,,,"G1,G2
(7/110)",,,,,,,
,,,,,,,,,,,,,,,,,
Additional Courses: Electrical Engineering																	,,,,,,,,,,,,,,,,,
ES 420,Industrial Control and Process Instrumentation,3,0,3,5,S. Rajendran(I+L),15,,,"N1,N2
(11/204)",,"C1,F1
(EE Lab)",https://drive.google.com/file/d/1ooqgeSKLfi0I5id5GgIGuXTesmrAy6SB/view?usp=drive_link,,,,
ES 422,Semiconductor Foundry Engineering,3,0,0,4,Amitabh Jain(I),25,,,"H1,P1
(7/210)",,,https://docs.google.com/document/d/1qLH1z9ybBSNzYMs4KxO9LruQgvLNv4yHN-urNCqHunQ/edit?tab=t.0,,,,
ES 421,RFIC Design,3,0,3,5,"Kamla Prasan Ray(I),Tarun Kumar Agarwal(L)",25,,,"N2,P2
(13/125)",,"B1,D1
(EE Lab)",https://docs.google.com/document/d/184bxetlzX-eSL8kSFU4ea17kSGH1MUei/edit?usp=sharing&ouid=106706293449739761250&rtpof=true&sd=true,,,,
ES 679,RFIC Design,3,0,3,5,"Kamla Prasan Ray(I),Tarun Kumar Agarwal(L)",25,,,"N2,P2
(13/125)",,"B1,D1
(EE Lab)",https://docs.google.com/document/d/184bxetlzX-eSL8kSFU4ea17kSGH1MUei/edit?usp=sharing&ouid=106706293449739761250&rtpof=true&sd=true,,,,
EE 617,VLSI Design,3,0,0,4,Joycee Mekie(I),,,,"D1,D2
(Surendra C Sheth Learning Theatre)",,,https://docs.google.com/document/d/1Yd1UWR5dlTjHVpQrEvGT5XebozcdRpaulQbP5kYYbHE/edit?usp=sharing,,,,
EE 644,Physics of Transistors,3,0,0,4,Sandip Lashkare(I),,,,"E2,H2
(11/101)",,,https://iitgnacin-my.sharepoint.com/:b:/g/personal/sandip_lashkare_iitgn_ac_in/IQCB5CYF5hrKQKJrK0ATpMB3AcSsNovmoEeK0Ns31IyTy9I?e=Y2hwtF,,,,
EE 648,Dynamic Behaviour of Electric Machines,3,0,1.5,5,Ragavan K.(I+L),,,,"C1,A2
(11/102)",,"I2
(EE Lab)",https://drive.google.com/file/d/127It-hnkS17e9gmGGFruDWSYVQAST0dI/view?usp=sharing,,,,
EE 434,Wireless System Design and Implementation,1.5,0,3,4,Kartik Patel(I+L),15,,,"K2
(7/102)",,"A1,A2
(EE Lab)",https://drive.google.com/file/d/1A7Y_yRGU1g_bR2CpjokWzduK3JfUDvqd/view?usp=sharing,,,,
EE 671,Wireless System Design and Implementation,1.5,0,3,4,Kartik Patel(I+L),15,,,"K2
(7/102)",,"A1,A2
(EE Lab)",https://drive.google.com/file/d/1A7Y_yRGU1g_bR2CpjokWzduK3JfUDvqd/view?usp=sharing,,,,
ES 616,Digital Control Systems,3,1,0,4,S. Rajendran(I+T),,,,"E1,E2
(7/210)","A1
(7/110)",,https://drive.google.com/file/d/1kRe1j1mw-ScS4GBQWbrLvWI20zkrSgTn/view?usp=drive_link,,,,
ES 626,Microfabrication and Semiconductor Processes,3,0,0,4,"Jhuma Saha(I),Nihar Ranjan Mohapatra(I)",,,,"N1,N2
(7/101)",,,https://drive.google.com/file/d/1Ds3tjD8J9P_u1d_fQIZXHB36gVibP0kR/view?usp=sharing,,,,
EE 651,CMOS Analog IC Design,3,0,0,4,Tarun Kumar Agarwal(I),,,,"G1,G2
(Harsha Patel Learning Theatre)",,,https://iitgnacin-my.sharepoint.com/:w:/g/personal/tagarwal_iitgn_ac_in/IQCadTuRO8shQbhNg-T2PUD8AYMVUXYaj3L8gp9UubMIApI?e=mjdx8r,,,,
ES 657,Biomedical Ultrasound,3,0,0,4,Himanshu Shekhar(I),,,,"J1,J2
(7/210)",,,https://docs.google.com/document/d/1tot22WpkJgil8EiVmg-bHWgO91IhTxqA/edit,,,,
EE 659,Smart Grid,3,0,0,4,Naran M Pindoriya(I),,,,"G1,G2
(13/124)",,,https://iitgnacin-my.sharepoint.com/my?viewid=6042c341%2Df4a0%2D46e5%2Dad56%2Df00a0c67943a&id=%2Fpersonal%2Fnaran%5Fiitgn%5Fac%5Fin%2FDocuments%2FEE%20659%2F2026%2D27%2FEE659%5FCourse%20plan%2Epdf&parent=%2Fpersonal%2Fnaran%5Fiitgn%5Fac%5Fin%2FDocuments%2FEE%20659%2F2026%2D27,,,,
EE 663,Advanced Wireless Communications,3,0,0,4,Raghunandan M. Rao(I),,,,"L1,L2
(13/125)",,,https://drive.google.com/file/d/11d-SSfPQzcT00qfeREE1ifwatDs1Hfjp/view?usp=sharing,,,,
EE 664,High Frequency Engineering,3,0,0,4,Kamla Prasan Ray(I),,,,"K1,K2
(13/125)",,,https://drive.google.com/file/d/1WnwJOuz0Vg-VBbhxqZmWkBHW4vP5auvc/view?usp=drive_link,,,,BS
ES 666,Computer Vision,3,0,0,4,Shanmuganathan Raman(I),,,,"C1,C2
(10/103)",,,https://shanmugaiit.github.io/es666.html,,,,
ES 668,5G and Beyond,3,0,0,4,"Ravi Hegde(I), Sameer Kulkarni(I)",,,,"M1,M2
(11/101)",,,https://docs.google.com/document/d/198eel1egMa8j4mvsq2Fbj9riGMKX8FGSA9CUFXo3Ryg/edit?tab=t.0,,,,
ES 675,Photonics – Principles and Applications,3,0,0,4,Arup Lal Chakraborty(I),,,,"M1,M2
(7/108)",,,,,,,
EE 639,Lasers,3,0,0,4,Arup Lal Chakraborty(I),,,,"M1,M2
(7/108)",,,https://drive.google.com/file/d/11kOhmKlYwzT9pbkIYjetqbMJ7ReieJYd/view?usp=sharing,,,,
EE 662,Mixed Signal IC Design,3,0,0,4,"Dinesh Kumar Sharma(I),Madhav Kiritkumar Pathak(I)",,,,"N1,N2
(7/105)",,,https://drive.google.com/file/d/1QIglxCIBklfk_YG76WoFAg95wD9MizuS/view?usp=sharing,,,,
EE 691-VII,Special Topics in Electrical Engineering: Economics of Regulation in India,3,0,0,4,Anand Kumar(I),,,,"M1,M2
(7/208)",,,https://iitgnacin-my.sharepoint.com/:w:/g/personal/anand_kumar_iitgn_ac_in/IQAWliKVcuo0Q6zXoh7HP7Y4AdGb1lbdh_KX2yAZ977U1Xs?e=5LD9sz,,,,
,,,,,,,,,,,,,,,,,
Additional Courses: Mechanical Engineering																	,,,,,,,,,,,,,,,,,
ME 491-I,Special Topics in Mechanical Engineering: Nondestructive Testing/Evaluation,3,0,0,4,Prabhat Munshi(I),,,,"M1,M2
(7/106)",,,,,,,
ES 607,Foundations of Fluid Dynamics,3,1,0,4,Vinod Narayanan(I+T),,,,"G1,G2
(7/105)","C1
(7/210)",,https://docs.google.com/document/d/1mI6e6RxvTV2k4-98f-4_qdW_7Fh46uZ3/edit?usp=sharing&ouid=100579235848488623714&rtpof=true&sd=true,,,,
ME 605,Computational Fluid Dynamics,3,1.5,0,4,Uddipta Ghosh(I+T),,,,"M1,M2
(5/202)","K1
(7/109)",,https://iitgnacin-my.sharepoint.com/:b:/g/personal/uddipta_ghosh_iitgn_ac_in/IQDHRaXgkGFQSqGRCL61mRekAR3De8my13tc6iX_izzIAwY?e=g4nBZg,,,,
ES 656,Human-Robot Interaction,3,0,0,4,Vineet Vashista(I),,,,"L1,L2
(7/201)",,,https://drive.google.com/file/d/1cfkjeuITM2BsI-oMOnxtCMuwbTSMZ1S9/view?usp=drive_link,,,,
ES 621,Advanced Solid Mechanics,3,0,0,4,Harmeet Singh(I),,,,"D1,D2
(7/102)",,,https://drive.google.com/file/d/1XNr-Oi82lDzPpks_PhR0rTZsAXJ6HG16/view?usp=sharing,,,,
ME 639,Introduction to Robotics,3,0,1.5,5,Madhu Vadali(I+L),,,,"N1,N2
(7/205)",,"L1
(7/205)",https://iitgnacin-my.sharepoint.com/:b:/g/personal/madhu_vadali_iitgn_ac_in/IQC9ymiMm8dVS7KpdWlGStocAdwKQDGP1DUC9SZ6C8jhwlU?e=NRdcCQ,,,,
ME 640,Fracture Mechanics,3,0,0,4,Ravi Sastri Ayyagari(I),,,,"E1,E2
(7/110)",,,https://drive.google.com/file/d/1AQbdPLaTMj1zKOlBv1H2y-IqJ9UQi4rC/view?usp=sharing,,,,
ES 646,Elastodynamics and Vibrations,3,0,0,4,K.R. Jayaprakash(I),,,,"E1,E2
(13/125)",,,https://drive.google.com/file/d/14rF9TMdXs3fYRxXqjwzPkEtkSlkFcLdB/view?usp=drive_link,,,,
ME 648,Mathematical Tools for Mechanical Engineers,3,1,0,4,Dilip S. Sundaram(I+T),,,,"F1,F2
(7/206)","H2
(7/210)",,https://iitgnacin-my.sharepoint.com/:b:/g/personal/dilip_sundaram_iitgn_ac_in/IQBXL505VMDwSaO0sftttq6jAbZC81_dVdDHtziLBQe7pLg?e=SrWp0z,,,,
ME 691-XXII,Special Topics in Mechanical Engineering: Fluid Dynamics at Small Scales,3,1.5,0,4,Lokesh Malik(I+T),,,,"J1,J2
(11/204)","A2
(11/204)",,,,,,
ME 691-XXIII,Special Topics in Mechanical Engineering: Foundations of Heat and Mass Transfer,3,1.5,0,4,Soumyadip Sett(I+T),,,,"L1,L2
(11/204)","P2
(11/204)",,https://drive.google.com/file/d/1rFIqcfRGHVxdP6_ftkE9cYxljbX6dTou/view?usp=sharing,,,,
ME 692-X,Special Topics in Mechanical Engineering: Wind Engineering,1.5,0,1.5,2,Dhwanil Shukla(I+L),,,,"J2
(7/203)",,"M2
(ME Lab)",https://docs.google.com/document/d/1b7tTdQOOQQqDU3S753Al1RPtnsnrGP371T_4-KMRPBU/edit?usp=sharing,,,,
,,,,,,,,,,,,,,,,,
Additional Courses: Materials Engineering																	,,,,,,,,,,,,,,,,,
MSE 352,Material Characterization Techniques,1.5,0,3,4,Emila Panda(I+L),,,,"N2,P2
(10/102)",,"L1,N1
(MSE Lab)",https://drive.google.com/file/d/1XKogvsDbG2UkVcRGtYrwvWQRT6yDCJ0p/view?usp=drive_link,,,,
MSE 604,Deformation Behaviour of Materials,3,0,0,4,Pradipta Ghosh(I),,,,"K1,K2
(7/206)",,,https://drive.google.com/file/d/1wIKBcDKpokCDqVJQDKlIvOi4KQ0vEKz7/view?usp=sharing,,,,
MSE 629,Structure and Defects of Materials,3,0,0,4,Prafull Pandey(I),,,,"F1,F2
(10/102)",,,https://drive.google.com/file/d/1vFBX3yMD3QRyQWG95SBxo6AI_tL5lMEp/view?usp=drive_link,,,,
MSE 632,Characterization of Materials,3,0,3,4,Sriharitha Rowthu(I+L),,,,"G1,G2
(7/107)",,"I2,M1
(MSE Lab)",MSE205_Course Policy_2026-27_Sem II.pdf,,,,
MSE 636,AI for Materials Engineering,3,0,1.5,4,Raghavan Ranganathan(I+L),,,,"E1,E2
(7/204)",,"H1
(7/201)",https://drive.google.com/file/d/1uS0DorDBtyuNqoESuXMkM_-9ji3gOpOZ/view?usp=sharing,,,,
MSE 624,Thermo-mechanical Processing,3,0,0,4,Amit Arora(I),,,,"M1,M2
(7/104)",,,https://drive.google.com/file/d/1tOvCKt27XcX_vt0CeznUBlZdB5e9HzpA/view?usp=drive_link,,,,
MSE 631,Thermodynamics of Materials,3,0,0,4,Abhay Raj Singh Gautam(I),,,,"D1,D2
(7/104)",,,,,,,
,,,,,,,,,,,,,,,,,
Additional Courses: Chemistry																	,,,,,,,,,,,,,,,,,
CH 302,Electrochemical Science and Engineering,3,1,0,4,Sudhanshu Sharma(I+T),,,,"I1,I2
(13/124)","J1
(13/124)",,https://iitgnacin-my.sharepoint.com/:b:/g/personal/ssharma_iitgn_ac_in/IQAfjaMcr9zhQJJJ3JsqIGbbAS2IrLH2WNhYraISQG0cXdc?e=x3vY2S,,,,BS
CH 506,Physical Organic Chemistry,3,0,0,4,Kuljeet Kaur(I),,,,"A1,A2
(7/107)",,,https://drive.google.com/file/d/1I2oe8jr08K0lhzyKZWHxWLJBmy-5uLle/view?usp=sharing,,,,BS
CH 511,Quantum Chemistry,3,0,0,4,Anirban Mondal(I),,,,"F1,F2
(7/209)",,,https://drive.google.com/file/d/1XEEqhDckROp6hc2T8junq4VnEOqgLkYV/view?usp=drive_link,,,,BS
CH 513,Advanced Organic Chemistry,3,0,0,4,Sivapriya Kirubakaran(I),,,,"C1,C2
(7/106)",,,https://docs.google.com/document/d/19iUzT5ju2-TF4lM4pmuEiSdFvsBtT20DGIyXNMBUdi8/edit?tab=t.0,,,,BS
CH 528,Transition Metal Chemistry,3,0,0,4,Priyabrata Ghana(I),,,,"J1,J2
(7/107)",,,https://drive.google.com/file/d/1l20nW5O1vlgBWW0AVV9kw5IhfhV3neE9/view?usp=drive_link,,,,BS
CH 529,AI in Chemistry,3,0,0,4,Anirban Mondal(I),,,,,,,Course_Plan_Quantum_Chemistry.docx.pdf,,,,
CH 635,Chemical Crystallography,2,0,1,4,Vijay Thiruvenkatam(I+L),,,,"M1,M2
(7/205)",,"I2
(CH Lab)",https://iitgnacin-my.sharepoint.com/:f:/g/personal/vijay_iitgn_ac_in/IgDi2j6uKCWoSb0MHiTi2Q1IAQN62erf9x7WQetKXbIicDc?e=xG2H5M,,,,BS
CH 616,Applied Chemical Biology,3,0,0,4,Sudipta Basu(I),,,,"D1,D2
(7/205)",,,https://drive.google.com/file/d/13aHcvY0HF-0uqXoD8DvgIO38Ocro_UMH/view?usp=sharing,,,,BS
CH 622,Interpretative Organic Spectroscopy,3,0,0,4,Sriram V Gundimeda(I),,,,"B1,B2
(7/108)",,,https://docs.google.com/document/d/1HRo7a5vf166d4I7NHb_u5lNFA9MdrRQZ/edit?usp=drive_link&ouid=100922624225150130455&rtpof=true&sd=true,,,,BS
CH 624,Molecular Spectroscopy,3,0,0,4,Saumyakanti Khatua(I),,,,"J1,J2
(13/125)",,,https://drive.google.com/file/d/1o_4bi7BrdQ1NOSvZYXaXR39-2JJ1AgvH/view?usp=sharing,,,,BS
CH 626,Asymmetric Synthesis and Catalysis,3,0,0,4,"Chandrakumar Appayee(I), Vatsal Chande(GTF/T)",,,,"E1,E2
(11/205)","N2
(11/205)",,https://drive.google.com/file/d/1K8q7ie60YTPp0yCOhZQy-4_riBhnTOvQ/view?usp=sharing,,,,BS
CH 627,Metabolism & Biosynthesis,3,0,0,4,Bhaskar Datta(I),,,,"K1,K2
(11/204)",,,https://drive.google.com/file/d/1QaTSeZA2O2oJ2fdXMJOmlmIVom8YH4qD/view?usp=drive_link,,,,BS
CH 634,Introduction to Molecular Dynamics,1.5,0,3,4,Sairam Swaroop Mallajosyula(I+L),,,,"G2
(7/104)",,"J1,P2
(10/104)",https://iitgnacin-my.sharepoint.com/:b:/g/personal/msairam_iitgn_ac_in/IQDvZkQN3loHR5Q9iQxK0aqjAYN5aofIqJCvHPoVYogVXv0?e=LEUl0v,,,,BS
CH 636,Statistical thermodynamics and its applications in chemistry,3,0,0,4,Sairam Swaroop Mallajosyula(I),,,,"L1,L2
(7/104)",,,https://iitgnacin-my.sharepoint.com/:b:/g/personal/msairam_iitgn_ac_in/IQBd-2M10pI1RZxW3tUUAYKlAYV-6e77xfkINavOgEkpHEY?e=uHD2jp,,,,BS
CH 637,Organic Electronics,3,0,0,4,Partha Pratim Roy(I),,,,"J1,J2
(7/108)",,,,,,,BS
CH 640,Bio-inorganic Chemistry,3,0,0,4,Biswajit Mondal(I),,,,"L1,L2
(7/101)",,,Course plan for CH640_Bio-inorganic Chemistry.pdf,,,,BS
CH 641,Chemistry of Energy Materials,3,0,0,4,Manisha Samanta(I),,,,"M1,M2
(7/210)",,,CH641-course-plan-2025 -Samanta.pdf,,,,
,,,,,,,,,,,,,,,,,
Additional Courses: Mathematics																	,,,,,,,,,,,,,,,,,
MA 501,Basic Algebra,3,1.5,0,4,Akshaa Vatwani(I+T),,,,"E1,E2
(7/107)","B1
(7/202)",,,,,,BS
MA 504 (A),Linear Algebra,3,1.5,0,4,Bipul Saurabh(I+T),,,,"D1,D2
(7/109)","H2
(10/102)",,https://drive.google.com/file/d/1RRffDpOpw3z5E44lzVvC5cpZKGL6ahy1/view?usp=sharing,,,,
MA 509 (A),Real Analysis of One Variable ,3,1.5,0,4,Chetan Pahlajani(I+T),,,,"C1,C2
(10/102)","B2
(10/102)",,https://drive.google.com/file/d/14Yv73k744ZJRxc2rGCkkjMP_UTGfF0Hl/view?usp=drive_link,,,,
MA 510,Topology,3,1.5,0,4,Sanjaykumar Amrutiya(I+T),,,,"G1,G2
(11/102)","A1
(7/108)",,https://drive.google.com/file/d/12gfaO0WrmERELBW9-iiZUzSoEkhmAdVN/view?usp=drive_link,,,,BS
MA 513,AI and Mathematics,3,1.5,0,4,Madhu Gupta(I+T),,,,"N1,N2
(7/210)","H1
(7/103)",,https://drive.google.com/open?id=1yueR1OAYmP2PHPXdfSRS19zYEegLw9HS&usp=drive_fs,,,,
MA 605,Commutative Algebra,3,1.5,0,4,Jugal K. Verma(I+T),,,,"E1,E2
(7/103)","C1
(7/105)",,https://docs.google.com/document/d/1fsRYMpwaa82qX1KUGJ5VUbFb7axywTnT/edit?usp=drive_link&ouid=110373418881838401996&rtpof=true&sd=true,,,,
MA 623,Number Theory,3,1.5,0,4,Atul Abhay Dixit(I+T),,,,"L1,L2
(7/202)","K2
(7/202)",,https://drive.google.com/file/d/1AIjsPnrKxJtskeSGX-cEBblSyyGCyMp7/view?usp=sharing,,,,
MA 624,Partial Differential Equations,3,1.5,0,4,Jagmohan Tyagi(I+T),,,,"F1,F2
(7/107)","A2
(7/102)",,https://drive.google.com/file/d/10Pgshu00wNugt93IOk6N-8vAbRj4ENsh/view?usp=drive_link,,,,
MA 626,Functional Analysis,3,1.5,0,4,Rohit Kumar Mishra(I+T),,,,"D1,D2
(7/203)","I1
(7/102)",,https://www.dropbox.com/scl/fi/x7xbrwfcb87jdagz4zdsm/Course-Plan-MA-626.pdf?rlkey=za8eohg3992ljq1za7buiihhh&dl=0,,,,
MA 627,Algebraic Topology,3,1.5,0,4,Arnab Saha(I+T),,,,"M1,M2
(11/206)","K1
(11/101)",,https://drive.google.com/file/d/18WtNdr5jMYG-t5yl8Wgugc-y1T2UBRWe/view?usp=sharing,,,,
MA 630 (A),Measure Theory & Probability,3,1.5,0,4,Chetan Pahlajani(I+T),,,,"G1,G2
(7/202)","H2
(11/102)",,https://drive.google.com/file/d/146GahBr_v1ZNgaXDtG_LLYZYug7qn9c0/view?usp=drive_link,,,,
MA 640,Integral Geometry in Imaging Sciences,3,0,0,4,Rohit Kumar Mishra(I),,,,"I2,B2
(7/106)",,,https://www.dropbox.com/scl/fi/745rtvzjwoz7cl2cvhija/Course-Plan-MA-640.pdf?rlkey=z8mycalfkz98xjaj17qo4oi0v&dl=0,,,,
MA 642,Fourier Analysis on LCA Groups (first half),3,0,0,2,Bipul Saurabh(I),,,,"J1,J2
(7/207)",,,https://drive.google.com/file/d/1O7_A5nJGCK2iAJio5B-d3gXQl5N-PPsx/view?usp=sharing,,,,
MA 636,Introduction to Riemannian Geometry,3,0,0,4,TBD(I),,,,"L1,L2
(7/103)",,,,,,,
MA 643,Numerical Analysis for Partial Differential Equations,3,0,0,4,Abhinav Jha(I),,,,"K1,K2
(7/110)",,,https://drive.google.com/file/d/1o0iILhpRpC3cNJbu-MoaDckHwQbumwr1/view?usp=drive_link,,,,
MA 691-II,Special Topics in Mathematics: Hilbert Modules,3,0,0,4,Gadadhar Misra(I),,,,"M1,M2
(7/105)",,,https://www.dropbox.com/scl/fi/gq5ygbtek8y780u8okvjm/2026AugMA-691-II.pdf?rlkey=t1z8r2hwcn4bdqdsggugihiup&dl=0,,,,
MA 691-VIII,Special Topics in Mathematics: Spectral Graph Theory,3,0,0,4,Projesh Nath Choudhury(I),,,,"J1,J2
(7/104)",,,https://projesh.people.iitgn.ac.in/Teaching/MA691/CP_MA691-26.pdf,,,,
,,,,,,,,,,,,,,,,,
Additional Courses: Physics																	,,,,,,,,,,,,,,,,,
PH 502,Mathematical Methods of Physics - I,3,1,0,4,Prasanna Venkatesh Balasubramanian(I+T),,,,"G1,G2
(11/101)","A1
(10/102)",,https://iitgnacin-my.sharepoint.com/:b:/g/personal/prasanna_b_iitgn_ac_in/IQALR3Z_fKSSQpZeoMYuWp2_AR-Rq9Brfxr0NE_1iX73sd0?e=l2yaIy,,,,BS
PH 503,Quantum Mechanics I,3,1,0,4,Arpan Bhattacharyya(I+T),,,,"E1,E2
(7/202)","B1
(7/107)",,https://docs.google.com/document/d/1gDDGaxy27VNYS871dRzBD8s0DrIs_6p9/edit,,,,BS
PH 505,Classical Electrodynamics,3,1,0,4,Urjit Yajnik(I+T),,,,"C1,C2
(7/102)","H2
(7/102)",,https://drive.google.com/file/d/1tlnkKTGTaXkUhEc3dVMjfNuOK-Ba4CZO/view?usp=sharing,,,,BS
PH 508,Classical Mechanics,3,0,0,4,Rusa Mandal(I),,,,"D1,D2
(7/108)","F2
(7/208)",,https://docs.google.com/document/d/1SXJsEai2Y2CPnHDRsqJLaVCZfCkpgHZ1KCqb--cBvsY/edit?tab=t.0,,,,BS
PH 510,Condensed Matter Physics,3,1,0,4,Abhisek Samanta(I+T),,,,"F1,F2
(11/205)","B2
(13/124)",,https://drive.google.com/file/d/1Nvq-hJUIpkNRwVH8FhP8CzvUxCzzKgDR/view?usp=sharing,,,,BS
PH 610,Quantum Field Theory I,3,0,0,4,Baradhwaj Coleppa(I),,,,"D1,D2
(5/202)",,,https://docs.google.com/document/u/0/d/1bowezKo0pP7dCu-KmKThAcwI-nYuk7WLP73cTanJq2I/edit,,,,BS
PH 611,X-ray Scattering: Concepts and Applications,3,0,0,4,Rupak Banerjee(I),,,,"G1,G2
(7/106)",,,https://drive.google.com/file/d/19jFNA_zRiz0gLbz2pG3T5yVXSL3CMR1K/view?usp=sharing,,,,BS
PH 614,Atomic and Molecular Physics,3,0,0,4,Krishna Kanti Dey(I),,,,"I1,I2
(7/202)",,,https://drive.google.com/file/d/1pw9GeqiDgkCW63yJP6oLCaLIvTquvNBC/view?usp=sharing,,,,BS
PH 643,Quantum Computing and Information,3,0,0,4,R.R. Puri(I),,,,"F1,F2
(7/210)",,,https://drive.google.com/file/d/1LQh8PoQmhvOQWIhInAr2T05JMcqrg2pE/view?usp=drive_link,,,,BS
PH 645,Topics in Soft and Active Matter Physics,3,0,0,4,Chandan Kumar(I),,,,"C1,C2
(7/104)",,,https://iitgnacin-my.sharepoint.com/:b:/g/personal/chandan_mishra_iitgn_ac_in/IQDa08zURnfPQLik9VVdxJcpARDMz8p9FvoEEEk0PkgmuMo?e=MmNX4x,,,,BS
PH 646,Advanced Statistical Physics,3,0,0,4,R.R. Puri(I),,,,"E1,E2
(11/206)",,,https://drive.google.com/file/d/1cVpt6m8NWFWZKsy9bk0UPiCwvyvNJL8V/view?usp=drive_link,,,,BS
PH 648,Semiconductor Optoelectronics,3,0,0,4,Gopinadhan Kalon(I),,,,"M1,M2
(7/206)",,,PH 648-SemiconductorOptoelectronics.pdf,,,,BS
PH 651,Nanomagnetism and Spintronics,3,0,0,4,Naveen Sisodia(I),,,,"J1,J2
(7/201)",,,coursepolicy_PH651_nanomagnetism_and_spintronics_sem1_2627.pdf,,,,
PH 609,Introduction to Einstein’s Theory of General Relativity,3,1,0,4,"Urjit Yajnik(I+T),Pinaki Banerjee(I+T)",,,,"M1,M2
(10/102)","J1
(7/108)",,https://iitgnacin-my.sharepoint.com/:b:/g/personal/urjit_yajnik_iitgn_ac_in/IQDh60qf95mgTICwllShyTkfASmDDTax7CsC8bWYNZ_OUok?e=i4kZHp,,,,BS
PH 652,Gravitational Wave Astronomy,3,0,0,4,Anand Sengupta(I),,,,"I1,I2
(13/125)",,,https://drive.google.com/file/d/12L5KZcCjjtoItwOK_YgYmmaO1UOqNJ8q/view?usp=sharing,,,,
,,,,,,,,,,,,,,,,,
Additional Courses: Earth Sciences																	,,,,,,,,,,,,,,,,,
EH 605,Modeling of Earth System and Sustainability,3,0,0,4,R.N. Singh(I),50,,,"G1,G2
(7/102)",,,https://drive.google.com/file/d/1bRaz0EZmUZm_ti2qyMZGRTRvzff1gkyg/view?usp=drive_link,,,,BS
EH 401,Archaeology: Theory and Methods,3,0,0,4,Sharada V Channarayapatna(I),,,,"M1,M2
(7/102)",,,https://drive.google.com/file/d/1Or63rR6-_uybQiUa7FKmiRQaGLHX-Sge/view?usp=drive_link,,,,
EH 635,Archaeology: Theory and Methods,3,0,0,4,Sharada V Channarayapatna(I),,,,"M1,M2
(7/102)",,,https://drive.google.com/file/d/1Or63rR6-_uybQiUa7FKmiRQaGLHX-Sge/view,,,,
EH 601,Earth Surface Processes in the Anthropocene,3,0,1.5,4,Vikrant Jain(I+L),,,,"F1,F2
(7/102)",,"J1
(EH Lab)",,,,,BS
EH 608,Biodiversity Conservation and Sustainable Development,3,0,0,4,C.N. Pandey(I),50,,,"D1,D2
(7/108)",,,https://docs.google.com/document/d/1_qctL71zjm1Gjj1cs3XgWJeU03RzpV_g/edit?usp=sharing&ouid=113799156655520473260&rtpof=true&sd=true,,,,BS
EH 618,Computational Tools for Earth System Modeling,0,0,6,4,Utsav Mannu(L),,,,,,"G1,I2,M1,P1
(10/104)",https://drive.google.com/file/d/1mm2WJ5qodjEOMHEC5A3E7Hd1O6-eHz4r/view?usp=sharing,,,,
EH 619,Geobiology,3,0,0,4,Sonal Khanolkar(I),100,,,"E1,E2
(Jayshree S Sheth Learning Theatre)",,,https://docs.google.com/document/d/18g4dsyA4wiFEFUEhOuIkMSusFLqUo69X/edit?usp=sharing&ouid=110875805035146007034&rtpof=true&sd=true,,,,
EH 620,Sequence Stratigraphy,1.5,0,3,4,Pankaj Khanna(I+L),,,,"F2
(EH Lab)",,"K2,L2
(EH Lab)",https://drive.google.com/file/d/146y5crnH01yYh26pHw38UiwAzbbAVMiD/view?usp=sharing,,,,
EH 624,Applied Micropaleontology,3,0,0,4,Sonal Khanolkar(I),,,,"M1,M2
(7/107)",,,https://docs.google.com/document/d/1YDCjd2zAPYgx1DB-VtU9oBmg-0df6eyE/edit?usp=drive_link&ouid=110875805035146007034&rtpof=true&sd=true,,,,
EH 625,Environmental Geosciences,3,0,0,4,Achyut Mishra(I),,,,"L1,L2
(7/106)",,,https://drive.google.com/file/d/1QDZF3H7RGPWIv3EP7h5uBsXMv8rhoY9Z/view?usp=drive_link,,,,
EH 626,Reservoir Modelling and Simulation,3,0,0,4,Achyut Mishra(I),,,,"D1,D2
(7/106)",,,https://drive.google.com/file/d/1UYXAlvySPYS-pZh5KNeprKSdARSbGkaQ/view?usp=sharing,,,,
EH 627,Anthropocene: Human Impact on the Earth,3,0,0,4,"Vikrant Jain(I),S. K. Tandon(I)",,,,"N1,N2
(7/203)",,,https://drive.google.com/file/d/1Ako_ydenPXNgD0Gbye7kRTlY74I0OZ-9/view?usp=drive_link,,,,
EH 634,Dynamic Earth Surface and Nature Hazards,1.5,0,3,4,Vikrant Jain(I+L),,,,"F1
(7/102)",,"B1,D1
(11/204)",https://drive.google.com/file/d/18LniBcuUGOlWh2_yuM99ISU3EyR0q9yj/view?usp=sharing,,,,
EH 638,Rock Mechanics and Rock Engineering,3,0,0,4,Manab Mukherjee(I),,,,"J1,J2
(7/206)",,,https://drive.google.com/file/d/1Brdolv5aKMG5A8rbqfB_uRjQ2a2FCuec/view?usp=sharing,,,,
EH 639,Statistics for Earth Sciences,1.5,0,3,4,Utsav Mannu(I),,,,"J1
(7/103)",,"K1,H1
(10/104)",https://docs.google.com/document/d/14vmw_O29cy-9hrvdd7v6nwu2J5TdyHfazBLl4WzjgzM/edit?usp=sharing,,,,
EH 691-III,Special Topics in Earth Science: Microwave Remote Sensing,3,0,0,4,Prem Chand Pandey(I),,,,"C1,C2
(7/103)",,,https://drive.google.com/file/d/1etOHz8sfBpVHO7s70CsxHmoq9JTE1CKh/view?usp=sharing,,,,BS
EH 691-XI,Special Topics in Earth Sciences: Stable Isotopes in Earth Systems,3,0,0,4,R. D. Deshpande(I),,,,"M1,M2
(7/202)",,,Course Details_Stable Isotopes in Earth Systems.pdf,,,,
,,,,,,,,,,,,,,,,,
Additional Courses: Cognitive Science,,,,,,,,,,,,,,,,,
CG 501,Computation and Cognition,3,0,0,4,Vaibhav Tripathi(I),,,,"F1,F2
(7/201)",,,Course Plan ,,,,BS
CG 503,Fundamentals of Cognitive Psychology,3,0,0,4,Meera Mary Sunny(I),,,,"G1,G2
(7/207)",,,https://docs.google.com/document/d/1DZjpE-0W950jpeWPb7eLvAoyVqDP8-YW/edit?usp=sharing&ouid=116968647900581462482&rtpof=true&sd,,,,BS
CG 504,Research Methods in Cognitive Science,1.5,0,1.5,4,Mahalakshmi Ramamurthy(I+L),,,,"J1,I1
(7/109)",,,https://docs.google.com/document/d/1MFDYXg20ZIwpQAVtDNvZ2cbq24WrlieaMzVbVKKdrvk/edit?tab=t.0,,,,BS
CG 505,Fundamental Neuroscience,3,0,0,4,Pratik Mutha(I),,,,"D1,D2
(7/208)",,,https://iitgnacin-my.sharepoint.com/:w:/g/personal/pm_iitgn_ac_in/IQBEDdg3e014S4Gy8o9fvC-0ASR3AFEPh6OcsbZZ14DSOfE?e=Pj1k6N,,,,BS
CG 606,Philosophy of Mind,3,0,0,4,Jaison A. Manjaly(I),,,,"C1,C2
(Jayshree S Sheth Learning Theatre)",,,https://drive.google.com/file/d/1ccSm_nY6tix8pvIntOwdm-oAH_d5cbFt/view?usp=sharing,,,,BS
CG 607,Emotion and Cognition,3,0,1,4,Meera Mary Sunny(I+T),,,,"L1,L2
(7/110)",,"H1
(7/110)",,,,,BS
CG 612,Neural Plasticity,3,0,0,4,Leslee Lazar(I),,,,"D1,D2
(7/201)",,,https://iitgnacin-my.sharepoint.com/:b:/g/personal/leslee_lazar_iitgn_ac_in/IQA8BAWD_qOqTJ2APbJmw4kyATTGGM11tUJa0f9-o7XuCjM?e=dyuuEe,,,,BS
CG 615,AI & Human Cognition,3,1.5,0,4,Sabyasachi Shivkumar(I+T),,,,"N1,N2
(7/109)","P2
(7/209)",,https://docs.google.com/document/d/1tRmPXavaUJBE5_HAnCHZUjSvWyq_ARef4JEq3ZLFPME/edit?usp=sharing,,,,
ES 606,Computational Neuroscience,3,0,0,4,Krishna Miyapuram(I),,,,"G1,G2
(7/201)",,,https://docs.google.com/document/u/0/d/17qJQNPpbHkf1ojjxh1dtmOrOwg3PS7zEA8YAVsWDEjM/edit,,,,
ES 673,NeuroAI: Neuroscience & Artificial Intelligence ,3,0,0,4,Vaibhav Tripathi(I),,,,"E1,E2
(7/206)",,,Course Plan Final,,,,
CG 691-V,Special Topics in Cognitive Science: The Multilingual Brain,3,0,0,4,Jooyung Kim(I),,,,"C1,C2
(7/201)",,,CG691-V_The Multilingual Brain_2026-27_SEM1_Syllabus_Kim,,,,
CG 691-VIII,Special Topics in Cognitive Sciences: Advanced Writing for Cognitive and Brain Sciences,1,0,3,4,Leslee Lazar(I+T),,,,"G1
(7/110)",,"I1,K1
(7/201)",https://iitgnacin-my.sharepoint.com/:b:/g/personal/leslee_lazar_iitgn_ac_in/IQBn8rw_FuGwSrdyBK18zvPMAe5OkrciqywpkZxGzugMRpQ?e=wNzZVR,,,,
,,,,,,,,,,,,,,,,,
"Additional Courses HSS, MS, Design, IN",,,,,,,,,,,,,,,,,
FP 602,Writing (For Engineering PhD students and MTech Students) [Course will start from Monday],1,0,3,4,Sharmita Lahiri(I+L),,,,"H1
(Jasubhai Auditorium)",,"P1,P2
(7/101,7/102,7/103,7/104,7/105,7/204,7/205,7/206,7/207)",https://drive.google.com/file/d/1CA1z_AAB4S7DtStNdOVW2gCOzdfAi1E1/view?usp=sharing,,"Classes will commence from next Monday (10th August, 2026).",,
FP 602 (MA),Writing (PG Mathematics),1,0,3,4,Indranath Sengupta(I+L),,,,"H1
(Jayshree S Sheth Learning Theatre)",,"P1 (11/101)
P2 (Jagdish Patel Learning Theatre,Harsha Patel Learning Theatre)",https://drive.google.com/file/d/1nsJWGNBQa6aPi_b9wy6NDVilWdbAylX9/view?usp=sharing,,,,
FP 602 (CG),Writing (PG Cognitive and Brain Science),1,0,3,4,Leslee Lazar(I+L),,,,"H2
(Jayshree S Sheth Learning Theatre)",,"I1,K1
(7/108)",https://iitgnacin-my.sharepoint.com/:b:/g/personal/leslee_lazar_iitgn_ac_in/IQC_Z1mqo1UaQK2b4v8cLfriAUXo-vFhl2nHj-i7Hh5cPcI?e=IS6aQr,,,,
FP 602 (CH),Writing (PG Chemistry),1.5,0,3,4,"Partha Pratim Roy(I),Manisha Samanta(L)",,,,"G1
(7/209)",,"I1,K1
(Surendra C Sheth Learning Theatre)",,,,,
HS 104,Foundational Sanskrit,3,1,0,4,Mana A Shah(I+T),,,,"L1,L2
(7/210)","J2
(7/103)",,https://docs.google.com/document/d/1nE3ISsoIzfwDzc-OcSw82HHaf_h8qIOMmaKJBaQhl4Y/edit?usp=sharing,,,,
HS 111,Urdu script and poetry,3,1,0,4,Mohd. Mubashshir Ahsan(I+T),,,,"G1,G2
(7/206)","H2
(13/124)",,https://docs.google.com/document/d/1Z6Y-tkPtrLE9OhBIJF7T8y2HDJrxH3DiVPpC4nOOOBs/edit?usp=sharing,,,,
HS 112,Urdu poetry interpretation,3,1,0,4,Mohd. Mubashshir Ahsan(I+T),,,,"F1,F2
(7/105)","M1
(7/101)",,https://drive.google.com/file/d/1228cDcLVN_5HSxkZvqo-L_K218L4eybU/view?usp=sharing,,,,
HS 152,Japanese Language for Beginners,3,1,0,4,Sweta Mistry(I),,,,"M1,M2
(11/102)","J1
(11/102)",,https://drive.google.com/file/d/1_ncVuW_jlf4SMrFT_EYHPw_kGQA3yfON/view?usp=sharing,,,,
HS 153,Advance Japanese Learning,3,1,0,4,Sweta Mistry(I),,,,"L1,L2
(11/206)","I1
(11/206)",,https://drive.google.com/file/d/1u1qNY-_gHCjTyFQ5Kfc_kY6PkuQj2qmx/view?usp=sharing,,,,
HS 154,Mandarin for Beginners,3,0,0,4,Hao Tsung Kao (I),,,,"N1,N2
(7/102)",,,,,,,
HS 155,Mandarin for Beginners - II,3,0,0,4,Hao Tsung Kao (I),,,,"L1,L2
(7/103)",,,,,,,
HS 221,Introduction to Philosophy,3,0,0,4,Jaison Manjaly(I),,,,"N1,N2
(Jasubhai Auditorium)",,,https://drive.google.com/file/d/1C_aSRcOgmMaYgNqDZ25tHxIaxROsqYbs/view?usp=sharing,,,,
HS 392,Special Topics in HSS: Competitiveness and Ethical Leadership (first half),3,0,0,2,Anurima Chatterjee(I),,,,"N2,P2
(5/202)",,,,,,,
MS 408,Financial Considerations in Engineering Decisions,3,0,0,4,K Chelvakumar(I),,,,"M1,M2
(7/209)",,,https://docs.google.com/document/d/19J5s3WCoh9IF7OkWe3yKJvwg7GoFemiXVX8HBSubZCw/edit?usp=sharing,,,,
MS 491,Special Topics in Management: Marketing Analytics,3,0,0,4,Marcos Severos(I),,,,"M1,M2
(Online)",,,,,,,
MS 491-XIII,"Special Topics in Management: An Introduction to Business, Organization & Finance",3,0,0,4,Praveen Gupta(I),,,,"P1,P2 (Jayshree S Sheth Learning Theatre)
Saturday (10:30 AM–12:30 PM) (11/102)",,,https://docs.google.com/spreadsheets/d/1Q69LRre_CMxErJsZ7MDzi-Grju4LwzgJ/edit?usp=sharing&ouid=108217837746585842388&rtpof=true&sd=true,,,,
MS 491-XVI,Special Topics in Management: Lean Six Sigma,3,0,0,4,Alok Bhatnagar(I),,,,"P1,P2
(7/208)",,,https://drive.google.com/file/d/1xSTSoHjxKP7hxKgvCST_t2tmWsK6vxP0/view?usp=sharing,,,,
MS 492-VIII,Special Topics in Management: Leadership Development & Executive Presence (first half),3,0,0,2,Ramachandran Veetikazhi(I),,,,"L1,L2
(7/105)",,,LD&EP_CLASSWISE SCHEDULE_IITGn_DrVeetikazhi_2026.pdf,,,,
MS 492-IX,Special Topics in Management: Managing People and Workplace Behaviour (first half),3,0,0,2,Ramachandran Veetikazhi(I),,,,"P1,P2
(7/106)",,,Managing People_CLASSWISE SCHEDULE_IITGn_DrVeetikazhi_2026.pdf,,,,
IN 304,Ancient Indian Technology,3,0,0,4,Alok Kumar Kanungo(I),,,,"K1,K2
(11/205,11/206)",,,https://drive.google.com/file/d/1N_NVxj1sORQmk_zXLa-apmPmSYxLGNxh/view?usp=sharing,,,,
IN 491,Special Topics: Foundations of User Experience,3,0,0,4,Nuno Guimaraes(I),,,,"M1,M2
(Online)",,,https://drive.google.com/file/d/1EMRHg32sPpaZ991RESzprGbmVplkP4Rh/view?usp=drive_link,,,,
HS 491-XI,Special Topics in HSS: Understanding and Designing Comics and Graphic Novels,3,0,0,4,Argha Manna(I),,,,"I1,I2
(10/102)",,,,,,,
HS 491-XIII,Special Topics in HSS:  Drawing Connections: Environmental Perception and Visual Anthropology,3,0,0,4,Suman Choudhury(I),,,,"M1,M2
(Jagdish Patel Learning Theatre)",,,,,,,
HS 491-XIV,Special Topics in HSS: Appreciation of Classical Indian Music,3,0,0,4,Pandit Mahendra D. Toke(I),,,,"L1,L2
(5/203)",,,https://drive.google.com/file/d/1gA8LPEdpc_oGKNILjPprSIC5FwUceLdS/view?usp=sharing,,,,
HS 492-XI,Special Topics in HSS: Real World Problem Solving: A Policy and Systems Approach,3,0,0,2,Raj Kumar (IAS)(I),,,,"N1,N2
(7/104)",,,https://docs.google.com/document/d/1pYypFrfUseaAOvJ2A7I2NisK0ENSf2ET/edit?usp=sharing&ouid=100884949085254248928&rtpof=true&sd=true,,,,
HS 510,Perspectives on Indian Civilization,3,0,0,4,V.N. Prabhakar(I),,,,"E1,E2
(7/205)",,,https://drive.google.com/file/d/1o0Hlk3svEl9JoLctbaj7uWi8OwvUmml-/view?usp=sharing,,,,
HS 512,Political Thought,3,0,0,4,Tanka Bahadur Subba(I),,,,"G1,G2
(7/205)",,,https://docs.google.com/document/d/1-mZGG5iu3RfLAODe5jS6O8ywv9V_QMkg/edit?usp=drive_link&ouid=112722193455628803222&rtpof=true&sd=true,,,,
HS 515,The Politics of the Environment,3,0,0,4,Ambika Aiyadurai(I),,,,"C1,C2
(7/105)",,,,,,,
HS 520,Ancient Indian Architecture,3,0,0,4,V.N. Prabhakar(I),,,,"M1,M2
(7/103)",,,https://drive.google.com/file/d/1_RAssS0RYLo_cHL8xMaWWIMtu2DPDy2D/view?usp=sharing,,,,
HS 523,Quantitative Research Methods in Social Sciences,3,1,0,4,Praharsh Mohanlal Patel(I+T),,,,"B1,B2
(7/203)","D2
(7/210)",,Syllabus_Quantitative Methods.docx,,,,
HS 524,Qualitative Research Methods,3,0,0,4,Ambika Aiyadurai(I),,,,"M1,M2
(11/205)",,,https://drive.google.com/file/d/1TfdWZS0PBr0eLMgLXqznxEMHsml2XuKO/view?usp=drive_link,,,,
HS 526,"Education, Technology and Society",3,0,0,4,Aditi Kothiyal(I),,,,"J1,J2
(7/102)",,,ETandS.pdf,,,,
HS 610,A Critical Journey Through Select Thoughts and Theories,3,0,0,4,Arnapurna Rath(I),,,,"D1,D2
(7/204)",,,https://drive.google.com/file/d/1kqPxfAxG7QwbIJ36_GEPvnQyHkaAkniV/view?usp=sharing,,,,
HS 631,Digital Cultures and New Media,3,0,0,4,Arnapurna Rath(I),,,,"M1,M2
(11/204)",,,https://sites.iitgn.ac.in/digitalstudies/,,,,
HS 633,Scarred Nations: Partition in the Indian Subcontinent,3,0,0,4,Madhumita Sengupta(I),,,,"L1,L2
(7/102)",,,https://iitgnacin-my.sharepoint.com/:b:/g/personal/madhumitasg_iitgn_ac_in/IQBdJ0hTz8IER6rXG_FvDVuNAaqflnhH2Zcubjz2xkzgmtg?e=2pXgXW,,,,
HS 647,"Literature, Theory and Social Context",3,0,0,4,Arka Chattopadhyay(I),,,,"I2,J2
(7/208)",,,https://docs.google.com/document/d/1bJY9XxKFeaMph9iXwo6s0XXEMsWDSGLk/edit?usp=drive_link&ouid=103637075532236333832&rtpof=true&sd=true,,,,
HS 651,Critical Perspectives in Sociology,3,0,0,4,Tanka Bahadur Subba(I),,,,"N1,N2
(7/206)",,,https://docs.google.com/document/d/1nOk4PSP-NOLFFYGJxB7eqqQy7ZY_Ypri/edit?usp=drive_link&ouid=112722193455628803222&rtpof=true&sd=true,,,,
DES 601,Visual Design for Academia,1.5,0,3,4,Sameer Sahasrabudhe(I+L),20,,,"M2
(13/125)",,"M1,P1
(13/125)",https://drive.google.com/file/d/1NYHulfB1a-ZwDvPDA0ZaO4IXb9kwzx_w/view?usp=drive_link,,,,
