Course Name,Course Number,Lecture Time,Tutorial Time,Lab Time,Credit,Instructor,Course Plan,Lecture Location,Tutorial Location,Lab Location
Foundation Programme,FP 100,,,,4.0,"Achyut Mishra(I),Mahalakshmi Ramamurthy(I),Satyakam Kar(I),Kartik Patel(I),Sandip Lashkare(I),Anagh Bhaumik(I)",,,,
Engineering Graphics,ES 101 (E),E1,,"N1,N2",3.0,"Hari Sai Ganesh(I+L),Soumajit Dutta(L),Sameer Patel(L),S.R.Gandhi(L),Sai Praneeth(L),K.R. Jayaprakash(L),Uthraa K R(GTF/L),Prince Vats(GTF/L)",https://drive.google.com/file/d/1nQu5kzc24h1AqLb8OSkFrY6xPiWFH-VZ/view?usp=drive_link,Jasubhai Auditorium,,Surendra C Sheth Learning T...
Engineering Graphics,ES 101 (H),E1,,,3.0,Sameer Patel(I),https://drive.google.com/file/d/1nQu5kzc24h1AqLb8OSkFrY6xPiWFH-VZ/view?usp=drive_link,11/101,,
Calculus of Single Variable and Linear Algebra,MA 103 (E),"G1,G2",H1,,4.0,"Abhinav Jha(I+T),Sudeshna Roy(I+T)",https://drive.google.com/file/d/1d0RhjkTuC7e_2ltABtkgR9GeBQWXK6gt/view?usp=sharing,Jasubhai Auditorium,"7/102,7/104,7/105,7/106,7/1...",
Calculus of Single Variable and Linear Algebra,MA 103 (H),"F1,F2",,,4.0,"Abhinav Jha(I+T),Sudeshna Roy(I+T)",https://drive.google.com/file/d/1d0RhjkTuC7e_2ltABtkgR9GeBQWXK6gt/view?usp=sharing,"7/109,7/203",,
Computing,ES 112 (E),"D1,D2",,"J2 , P1",4.0,Shouvick Mondal(I+L),https://docs.google.com/document/d/1dARPkWk7oEEVaBsc9wIZvHxwGhbiouv9HakxrYSI0h4/edit?usp=sharing,Jasubhai Auditorium,,"10/103,10/104,10/105, 10/105,10/204,Jagdish Patel..."
Computing,ES 112 (H),"A2,C2",,,4.0,Shouvick Mondal(I+L),https://docs.google.com/document/d/1dARPkWk7oEEVaBsc9wIZvHxwGhbiouv9HakxrYSI0h4/edit?usp=sharing,Harsha Patel Learning Theatre,,
"Design, Innovation, and Prototyping",ES 115 (E),E2,,"A1,C1,I1,K1,I2,M1,K2,L2,M2,P2",5.0,"K Chelvakumar(I+L),Manasi Anand Kanetkar(I+L),Malay Dhamelia(I+L)",,Jasubhai Auditorium,,"Makers' Bhavan, Tinkerers' ..."
"Design, Innovation, and Prototyping",ES 115 (H),H2,,,5.0,"K Chelvakumar(I+L),Manasi Anand Kanetkar(I+L),Malay Dhamelia(I+L)",,7/209,,
Introduction to writing I,HS 191,,"B1,B2",,2.0,Jooyung Kim(I+T),https://docs.google.com/document/d/1ckYtp1ER3XJ_86QWtu9mY6RUeYxUT-iIm25mHQ9PfSw/edit?tab=t.0,,"7/101,7/102,7/103,7/104,7/2...",
Undergraduate Science Laboratory,BS 192,,,"I1,K1,I2,M1,K2,L2,M2,P2",3.0,"Partha Pratim Roy(I+L),Priya Tiwari(T),Chandan Kumar(T),Naveen Sisodia(L),Priyabrata Ghana(L)",Course_Policy_Chemistry_Physics.pdf,,,PH Lab
Physical Education,PE 101,,,,0.0,,,,,
Comprehensive Viva Voce,IN 101,,,,0.0,,,,,
Preparatory Courses,PH 001,"E1,E2",,,4.0,Baradhwaj Colleppa(I),,5/202,,
Preparatory Courses,CH 001,"B1,C2",,,4.0,Biswajit Mondal(I),,5/202,,
Preparatory Courses,MA 001,"K1,K2",,,4.0,Sakshi Gupta(I),,7/101,,
Preparatory Courses,HS 001,"G1,G2",,,4.0,Aditi Kothiyal(I),,11/205,,
Chemical Engineering Thermodynamics,CL 202,"A1,A2","A1,A2",,3.0,Kaustubh S Rane(I+T),https://docs.google.com/document/d/1iLomF3xbnss6e7bxCiaWdNX2dH7iS6zNzz_cTWwbuaQ/edit?usp=sharing,7/109,7/109,
Process Fluid Mechanics,CL 203,"E1,E2","E1,E2",,3.0,Abinaya Sampath(I+T),https://drive.google.com/file/d/1Gvd40vpa5zTfV5A5ibZG0gcXMR0eayFP/view?usp=sharing,7/208,7/208,
Heat Transfer,CL 204,"D1,D2","D1,D2",,3.0,Sameer V Dalvi(I+T),https://drive.google.com/file/d/1x1xzqRx0BIM2ZYxNlUrfnst5JWBAnCoN/view?usp=drive_link,11/102,11/102,
Software Tools and Techniques for CSE,CS 202,D1,,"J2,M2",4.0,Abhishek Bichhawat(I+L),https://docs.google.com/document/d/14IvvU2aCu9HGfI2FIht64dEG_BJjAqhoZMftEI5PWis/edit?usp=sharing,Jayshree S Sheth Learning T...,,Harsha Patel Learning Theat...
Software Tools & Techniques for AI,CS 203,D2,,"I2,M1",4.0,Yogesh Kumar Meena(I+L),https://yogeshkmeena.github.io/Teaching/,Jayshree S Sheth Learning T...,,"10/203,10/204"
General Education II,GE 201,"P1,P2",,,2.0,Argha Manna(I),,"Jasubhai Auditorium,Surendr...",,
Introduction to Philosophy,HS 221,"N1,N2",,,4.0,Jaison Manjaly(I),https://drive.google.com/file/d/1C_aSRcOgmMaYgNqDZ25tHxIaxROsqYbs/view?usp=sharing,Jasubhai Auditorium,,
Introduction to Quantum Physics,PH 202,"B1,B2",H2,,4.0,"Vinod Chandra(I),Pinaki Banerjee(I+T)",https://docs.google.com/document/d/10dlmKTP0Zsw8Y7GcksIkvv5eutvzJIZ6M5hMXAdavfA/edit?tab=t.0,7/206,"13/125,11/204",
Solid State Physics,PH 203,"M1,M2",J1,,4.0,Krista Roluahpuia Khiangte(I+T),https://drive.google.com/file/d/1h15mPACk6bZmE9_SCLzfLC9SosBx1GV6/view?usp=sharing,7/110,7/205,
Materials for the Future,ES 118,C1,,C2,3.0,Amit Arora(I+L),,Jagdish Patel Learning Thea...,,CL Lab
Digital Systems,ES 204,"E1,E2",L1,K1,4.0,"Manu Awasthi(I+T+L),Sameer G Kulkarni(T),Manoj D Gupta(T),Bireswar Das(T),Adithya Kumar(T)",https://docs.google.com/document/d/1YzKcgnXZk4eu9vOeKHLpzrJ94jubBlcV22u_bQ0ZDl8/edit?tab=t.0,10/103,"10/103,7/108,7/109,7/208,11...",10/103
Biology for Engineers,ES 243,,,,4.0,TBD(I+T),,,,
Physics of Materials,MSE 206,"D1,D2",,,4.0,Satyakam Kar(I),https://drive.google.com/file/d/1wlhoqLmSwB3f0XdJkLx795UjMHH9gAUK/view?usp=drive_link,7/105,,
Materials Selection and Design,MSE 314,"C1,I2",,,3.0,Superb Misra(I),https://docs.google.com/document/d/1VqVk8K1u7VIGWlCTpTpTFixXZDebuhyD/edit?usp=sharing&ouid=106596940959370216293&rtpof=true&sd=true,Jagdish Patel Learning Thea...,,
Introduction to Quantum Materials and Devices,MSE 318,"C1 , I2",,,3.0,Anagh Bhaumik(I),Course Plan_MSE 318.pdf,"Jasubhai Auditorium, Jayshree S Sheth Learning T...",,
Additive Manufacturing and 3D Printing of Materials,MSE 319,"C1,I2",,,3.0,Avinash Hariharan(I),https://drive.google.com/file/d/1V61-VyU7WqPjguMoE7KRr4hUyhzRKG7W/view?usp=drive_link,Surendra C Sheth Learning T...,,
Materials Processing,MSE 317,,,,4.0,"Emila Panda(I+T+L),Pradipta Ghosh(I+T+L)",,,,
Fluid Dynamics,ME 207,"E1,E2",J2,K1,5.0,"Shubhangi Shamsundar Bansude(I+T),Uddipta Ghosh(T),Lokesh Malik(L)",https://drive.google.com/file/d/1tTN5aA-Rn8g7cEnqo-RrvENjd3-5GNOX/view?usp=sharing,7/109,"11/101,11/102",ME Lab
Principles of Manufacturing Processes,ME 209,"D1,D2",,A2,3.0,Rakesh Singhai(I+L),https://drive.google.com/file/d/19TmTi65Tp8N7TYFaZS2cB6qztPael3mB/view?usp=drive_link,7/209,,7/209
Calculus of Several Variables (first half),MA 205,"F1,F2",B1,,2.0,Tanya Kaushal Srivastava(I+T),https://docs.google.com/document/d/1JfSWY7u7J7oVMK7QIZ9QtWu3q_7nHA2qi86mJYLZUBw/edit?usp=sharing,Jasubhai Auditorium,Surendra C Sheth Learning T...,
Introduction to Complex Analysis (second half),MA 206,"F1,F2",B1,,2.0,Projesh Nath Choudhury(I+T),https://projesh.people.iitgn.ac.in/Teaching/MA206/CP_MA206-26.pdf,7/205,7/205,
Materials Thermodynamics,MSE 202,"E1,E2",H1,,4.0,Sesha Sai Behara(I+T),https://drive.google.com/file/d/1EVFsTZH6wrZTfJTknnTuPW3_g8PKSt1p/view?usp=sharing,7/104,7/101,
Earth Materials and Processes,CE 201,E1,,"I1,K1",2.0,Pankaj Khanna(I+L),https://drive.google.com/file/d/1vyNn95PZYkZMhlRpY66kT3XCDtt7QV75/view?usp=sharing,13/124,,CE Lab
Chemical Process Calculations,CL 201,"G1,G2",I1,,3.0,Pratyush Dayal(I+T),https://iitgnacin-my.sharepoint.com/:b:/g/personal/pdayal_iitgn_ac_in/IQDQ_tCc1TY2RIGDi97pFvdvAUKIYc_ADcdK-Yy0gw-iC6k?e=YCfr6a,10/102,11/101,
Data Structures and Algorithms I,ES 242,"G1,G2",,I1,4.0,"Manoj D Gupta(I+L),Anup Kalbalia(L)",https://anup.github.io/courses/es242-2026-27-sem1/,10/103,,"10/104,10/105,10/203,10/204"
"Signals, Systems, and Random Processes",ES 244,"D1,D2",H2,,4.0,Uttama Lahiri(I+T),https://drive.google.com/file/d/1XwAH5oaeGiHCihXdgUxrtU8lYoo7MKut/view?usp=sharing,10/103,10/103,
Mechanics of Solids,ES 221,"G1,G2",A1,,4.0,Manish Kumar(I+T),https://drive.google.com/file/d/1qr2j1c6lTxCJtIJk6oJkx06RH63vpT8U/view?usp=drive_link,7/210,7/101,
Geospatial Engineering,CE 203,E2,,"J1,L1",3.0,Vimal Mishra(I+L),,7/101,,10/102
Electrical Machines,EE 223,"M1,M2",,"I1,H1,J1,N1",4.0,Ragavan K.(I+T+L),https://drive.google.com/file/d/12QVGXFPpgdC4SI_c4nVJdnYjmwEeflr6/view?usp=sharing,Surendra C Sheth Learning T...,,EE Lab
Transport Phenomena in Materials Engineering,MSE 204,"J1,K2",H2,,4.0,Amit Arora(I+T),https://drive.google.com/file/d/1oIz0DE_8DJTK-ftPR2d0EVA2-LK0OqJG/view?usp=sharing,Harsha Patel Learning Theatre,Harsha Patel Learning Theatre,
Statics and Dynamics,ME 206,"M1,M2",,K2,4.0,Harish J Palanthandalam-Madapusi(I+T),https://drive.google.com/file/d/19qbhYdYZfvrpdxWHPdtBFGwi6EbErrE7/view?usp=sharing,7/203,,ME Lab
Analog & Mixed Signal Circuits,EE 322,"C2,H1",,"L2,K2",4.0,"Madhav Kiritkumar Pathak(I+T+L),Dinesh Kumar Sharma(T+L)",https://docs.google.com/document/d/1qkB6qoyhYeKNyaIr75kmvdZ5FmPwvor_FvCq_VxoJDc/edit?usp=sharing,Surendra C Sheth Learning T...,,EE Lab
Integrated Circuit Fabrication Lab,ES 339,,,"I1,K1,K2,L2",2.0,"Sandip Lashkare(L),Anagh Bhaumik(L)",https://iitgnacin-my.sharepoint.com/:b:/g/personal/sandip_lashkare_iitgn_ac_in/IQC-Q8UEp9RdS7xY-9_JDDiCAZeZawdAASqKKHe8b5mAPz4?e=TbDY2D,,,5/202
Physical Education,PE 103,,,,0.0,,,,,
Comprehensive Viva Voce,IN 103,,,,0.0,,,,,
Science Basket Course,ES XXX,,,,4.0,,,,,
Economics,HS 151,"A1,A2",I2,,4.0,"Deepak Singhania(I),Praharsh Mohanlal Patel(T)",https://drive.google.com/file/d/1rHrc62tPltvkY5TUoBjNl3fV_2tuz-SC/view?usp=sharing,Jasubhai Auditorium,"Jasubhai Auditorium,7/101,7...",
Introduction to Data Science,CS 328,"N1,N2",L2,,4.0,Nirmal Kumar Sancheti(I+T),https://docs.google.com/document/d/15sq5ECE9jmMo3EaWCX7aa3YQoy7Z2kkFyY2EPUM03E8/edit?usp=sharing,10/103,10/103,
Foundations of AI: Multiagent Systems,CS 329,"P1,P2",,,4.0,Manisha Padala(I),https://sites.google.com/iitgn.ac.in/mas,10/103,,
Machine Learning,ES 335,"J1,K2",B2,,4.0,"Udit Bhatia(I+T),Krishna Prasad Miyapuram(T)",https://ml2026.floodresq.com/,10/103,Jagdish Patel Learning Thea...,
Machine Learning,ES 678,"J1,K2",B2,,4.0,"Udit Bhatia(I+T),Krishna Prasad Miyapuram(T)",https://ml2026.floodresq.com/,10/103,Jagdish Patel Learning Thea...,
HSS Elective,HS XXX,,,,4.0,,,,,
Comprehensive Viva Voce,IN 105,,,,0.0,,,,,
HSS Elective,HS 3XX,,,,,,,,,
Comprehensive Viva Voce,IN 107,,,,0.0,,,,,
Chemical Reaction Engineering - II,CL 313,"G1,G2","G1,G2",,3.0,Kabeer Jasuja(I+T),https://docs.google.com/document/d/1wRIrr6PhWTeONjRrKQFQQWRuifkiFnaI/edit?usp=sharing&ouid=108844359824993233057&rtpof=true&sd=true,7/108,7/108,
Separation Processes - I,CL 314,"E1,E2","E1,E2",,3.0,Karthik Subramaniam Pushpavanam(I+T),https://docs.google.com/document/d/1ICMYI2Qfc9QH-pgdEGNjoOSK96hQWvn3Z5AyFS9I81g/edit?usp=sharing,10/102,10/102,
Process Dynamics and Control,CL 315,"D1,D2","D1,D2",,3.0,Mithun Radhakrishna(I+T),https://iitgnacin-my.sharepoint.com/:b:/g/personal/mithunr_iitgn_ac_in/IQByz_SFR-KSSoE2gxcXu8QLAVICzthzdljJleO1EIf1sTk?e=6Ygd0m,10/102,10/102,
Integrated Chemical Engineering Lab-I,CL 326,,,"J1,L1,N1",3.0,Biswajit Saha(L),https://iitgnacin-my.sharepoint.com/:b:/g/personal/bsaha_iitgn_ac_in/IQB_Rgl0TgbkToHNbFSrEWxeAaWb4yVCjqBd423XZHJWJLU?e=9eNIBR,,,CL Lab
Discipline Elective,CL XXX,,,,4.0,,,,,
Soil Mechanics,CE 301,"G1,G2",H2,"L2,N2",5.0,"Amit Prashant(I+T),Ajanta Sachan(L)",https://1drv.ms/b/c/7601c78936386427/IQDUhDvHo6k_R5vZuHa5EHiKAeFE9X3U2gUCeJrpU_asg9U?e=isUyUj,7/103,7/101,CE Lab
Design of Steel Structures,CE 312,"D1,D2",B2,,4.0,Gaurav(I+T),https://gauravs.people.iitgn.ac.in/310.1_CE312_Fall2026.html,7/101,7/210,
Hydrology and Hydraulics,CE 310,"C1,C2",,J1,4.0,Pranab Kumar Mohapatra(I+L),https://docs.google.com/document/d/1nDW86dlCRdRpFR7xnlAI3Jz91guQkLuM/edit?usp=sharing&ouid=108119040002855153213&rtpof=true&sd=true,7/204,,7/204
Transportation Engineering,CE 404,"F1,F2",,,4.0,Sushobhan Sen(I),https://iitgnacin-my.sharepoint.com/:w:/g/personal/sushobhan_sen_iitgn_ac_in/IQA2R12xjvaGTas2xfLWiV5uAbAFhNbQf7YT37rj582Owp0?e=9uHMCf,7/204,,
Operating Systems,CS 330,"E1,E2",,H1,4.0,Balagopal Komarath(I+L),https://docs.google.com/document/d/10uyNKy-2LCnDZ7eyVu8cxFakN7IF2OFL036-TkairYU/edit?usp=sharing,Surendra C Sheth Learning T...,,"10/203,10/204"
Computer Networks,CS 331,"G1,G2",H2,,4.0,Sameer G Kulkarni(I+T),https://docs.google.com/document/d/19Dx-AmSWw_Qc1AgwQF7ibPd8231zBGBD/edit?usp=sharing&ouid=105240883128772122406&rtpof=true&sd=true,Surendra C Sheth Learning T...,Surendra C Sheth Learning T...,
Engineering Electromagnetics,EE 312,"G1,G2",H2,,4.0,Ravi Hedge(I+T),https://docs.google.com/document/d/1Mitg2tScGQkx5Uf_YOHr7_RVZp7UcnQsSYWoLQXkq0I/edit?usp=drivesdk,Jayshree S Sheth Learning T...,7/208,
Digital Signal Processing,EE 323,"D1,D2",F1,,4.0,"Nithin George(I+T),Kartik Patel(T)",https://drive.google.com/file/d/1MSyskRyVJeFJrdMGKj3wuoTEcuO58PD_/view?usp=sharing,Jagdish Patel Learning Thea...,Jagdish Patel Learning Thea...,
Power Electronics,EE 333,"E1,E2",C1,"I2,M1,J2,M2",4.0,Pallavi Bharadwaj(I+T+L),https://docs.google.com/document/d/1kpWiMQ6CJZw0knrwqqR6tLwOAW01mH4WOPDg9DRpNEg/edit?usp=sharing,Jagdish Patel Learning Thea...,Harsha Patel Learning Theatre,EE Lab
Material Characterization Techniques,MSE 352,"N2,P2",,"L1,N1",4.0,Emila Panda(I+L),https://drive.google.com/file/d/1XKogvsDbG2UkVcRGtYrwvWQRT6yDCJ0p/view?usp=drive_link,10/102,,MSE Lab
Control Systems,ES 245,"D1,D2",H1,,4.0,Vineet Vashista(I+T),https://drive.google.com/file/d/16b4Jey_9XhKRdaFEoyUjCdtEDLl9gZtz/view?usp=sharing,Harsha Patel Learning Theatre,Harsha Patel Learning Theatre,
Mechanics of Materials,ME 333,"H2,F2",J2,,3.0,"Harini Subramanian(I+T),Ravi Sastri Ayyagari(T+L)",https://iitgnacin-my.sharepoint.com/:w:/g/personal/harini_subramanian_iitgn_ac_in/IQA3aYYcfycwTZ19p75hjFyLASY4KgNMHCupipwluzcyI50?e=90LUzj,7/108,"7/204,7/205",
Heat and Mass Transfer,ME 334,"B1,C2",C1,F1,4.0,"Atul Bhargav(I+T),Soumyadip Sett(L)",https://docs.google.com/spreadsheets/d/1xpeBE-BrDwbWADbGkZL81OL_LJQp8lJkLuGkDOvilVo/edit?gid=251186736#gid=251186736,Jagdish Patel Learning Thea...,10/104,10/104
Introduction to Manufacturing Systems and Metrology ,ME 362,"E1,E2",,L2,3.0,Rakesh Singhai(I+L),https://drive.google.com/file/d/1QdOR1PDptsbmN36xXT0_QJv1PLzdJvZt/view?usp=drive_link,Harsha Patel Learning Theatre,,Harsha Patel Learning Theatre
"Polymers, Ceramics and Composites",MSE 313,"E1,E2",,K1,4.0,Abhijit Mishra(I+L),https://docs.google.com/document/d/1M2_czf-0yC-0w2R-K1vtllVxyzIcHId4/edit?usp=sharing&ouid=107364619680903589902&rtpof=true&sd=true,7/105,,MSE Lab
Principles of Metal Extraction and Refining,MSE 304,"J1,J2",,,4.0,S.P. Mehrotra(I),https://drive.google.com/file/d/1xZjSzDS1fQQqyoQFSIOXvn2yI0ewDclv/view?usp=drive_link,7/105,,
Aarohan (For 2026 MSc and MA students),FP 501,,,,2.0,,,,,
"Aarohan (For 2026 MTech, PGDIIT and PhD students)",FP 601,,,,2.0,,,,,
Physical Education (MSc and MA students),PE 500,,,,0.0,,,,,
Physical Education (MTech and PhD students),PE 600,,,,0.0,,,,,
Bionanotechnology – Principles and Applications,BE 303,"F1,F2",,,4.0,Mukesh Dhanka(I),BE303- Bionanotechnology - 2026.docx,7/101,,
Origins of Species,BE 305,"A1,A2",,,4.0,Umashankar Singh(I),https://docs.google.com/document/d/1SFpkWAUK8ODsG94xPAJgJFCiEWPHAWrtxNQlF8dzM6w/edit?usp=sharing,7/202,,
Genetic Engineering – Principles and Applications,BE 404,"N1,N2",,,4.0,Sharmistha Majumdar(I),https://docs.google.com/document/d/15GwWUey5pU4rAc4TEq35KWSj-XnwYwsiNONk683Kk0s/edit?tab=t.0,7/103,,
Biostatistics,BE 614,H2,,"B1,D1",4.0,Ashutosh Srivastava(I+L),https://iitgnacin-my.sharepoint.com/:b:/g/personal/ashutosh_s_iitgn_ac_in/IQBZ13B3P_1wRpRGgMCw5CoHAZ-Cq35_exVKj_dljoymkvw?e=4GXHSA,7/201,,10/105
Human Physiology,BE 616,"E1,E2",,,4.0,Karla Patricia Mercado-Shekhar(I),https://iitgnacin-my.sharepoint.com/:b:/g/personal/karlamshekhar_iitgn_ac_in/IQBW0_CGCHbQSb-PWTzuyEDHAZG1hVjZqWN3Ql9gqoAgQmw?e=CrBXs5,7/106,,
Molecular Biotechnology ,BE 618,G2,,"J1,L1",4.0,Subramanian Sankaranarayanan(I+L),Molecular Biotechnology Course plan 2026.1.docxe,7/101,,BE Lab
Peptide Technologies ,BE 621,C1,,"I2,M1",2.0,Sharad Gupta(I+L),https://docs.google.com/document/d/1RJe6_CUgTsUFP3yjiY_ceNMeKX7DjkDn/edit?usp=sharing&ouid=112848911477366873416&rtpof=true&sd=true,13/125,,BE Lab
Applied Stem Cells Technologies,BE 622,"A1,A2",,,4.0,Dhiraj D Bhatia(I),https://docs.google.com/document/d/1KdClKDUCfOw-lyAqLro2DI1JBJnyJZJy/edit?usp=sharing&ouid=114828150794801814953&rtpof=true&sd=true,7/204,,
Biocomputing,BE 623,,,"K2,L2",2.0,Ashutosh Srivastava(I+L),https://iitgnacin-my.sharepoint.com/:b:/g/personal/ashutosh_s_iitgn_ac_in/IQCHhjucngCCT6TI_rZAlonlAV--s72ddhRjtuOfln0LGSg?e=H9PJWw,,,10/104
AI Applications in Life Sciences,BE 625,"G1 , D2",,,4.0,"Sharad Gupta(I),Krishna Prasad Miyapuram(I),Ashutosh Srivastava(I)",https://docs.google.com/document/d/1H2KmwC490Oqeg5AVBP0io7QlBxusLcV8ElPygN0uDNw/edit?usp=sharing,"7/101, 7/110",,
Special Topics in Biological Engineering: Organ Transplantations,BE 691-V,"N1,N2",,,4.0,Rohil Jain(I),,7/202,,
Civil Engineering Materials,CE 315,"H1,K2",,,4.0,Krishna Siva Teja Chopperla(I),https://iitgnacin-my.sharepoint.com/:b:/g/personal/siva_chopperla_iitgn_ac_in/IQBg5Fv7TOB3RoqYHpULkmhHAaB-hEx0eqmwldaQOv5HHOA?e=aS00qS,7/209,,
Integrated Waste Management and Circular Economy,CE 316,"I1,I2",,,4.0,Abhishek Singhal(I),https://drive.google.com/file/d/1YQfG-UtElN34CoR0vNtSXkS1qgUx5H_E/view?usp=sharing,Harsha Patel Learning Theatre,,
River Engineering,CE 624,"G1,G2",,,4.0,Subhasish Dey(I),https://docs.google.com/document/d/1qTdZyUilgbww7hzate9tt6ZaH0--F9EU/edit?usp=share_link&ouid=108119040002855153213&rtpof=true&sd=true,7/204,,
Integrated Waste Management and Circular Economy,CE 642,"I1,I2",,,4.0,Abhishek Singhal(I),https://drive.google.com/file/d/1YQfG-UtElN34CoR0vNtSXkS1qgUx5H_E/view?usp=sharing,Harsha Patel Learning Theatre,,
Advanced Geotechnical Engineering,CE 601,"K1,L1",,"J2,M2",5.0,Ajanta Sachan(I+L),https://drive.google.com/file/d/15EDs7YadcMzV4KebgXY2DBdOmrcOTEPz/view?usp=sharing,7/209,,CE Lab
Advanced Structural Analysis,CE 607,"E1,E2",,,4.0,Dhiman Basu(I),https://drive.google.com/file/d/1kOvzUt1FieyqdRYqaa8oVSfExmmy8OQx/view?usp=drive_link,7/203,,
Advanced Engineering Hydrology,CE 611,"D1,D2",,,4.0,Sharad Kumar Jain(I),https://drive.google.com/file/d/1eddwsTa3pqb81UtXGtZeqz_mXFVm5dAv/view?usp=drive_link,13/124,,
Advanced Solid Mechanics,ES 621,"D1,D2",,,4.0,Harmeet Singh(I),https://drive.google.com/file/d/1XNr-Oi82lDzPpks_PhR0rTZsAXJ6HG16/view?usp=sharing,7/102,,
Structural Dynamics,CE 622,"A1,A2",,,4.0,Srinivasan Chandrasekaran(I),https://drive.google.com/file/d/1lUtcRc2vynlp1RQ4TWaZsDmfgJH3Ltmn/view?usp=sharing,7/210,,
Advanced Hydraulic Engineering,CE 625,"E1,E2",,,4.0,Pranab Kumar Mohapatra(I),https://docs.google.com/document/d/1pnO96PW1H3QDTf6iPCMKdGZOlie8xKWe/edit?usp=share_link&ouid=108119040002855153213&rtpof=true&sd=true,7/207,,
Slopes and Retaining Structures,CE 627,"C1,C2",,,2.0,S.R.Gandhi(I),https://drive.google.com/file/d/1n5WN24Xv9TUKSsGi1JoyonGbcNsa-3OT/view?usp=sharing,11/204,,
Air Pollution Control Engineering,CE 634,"J1,J2",,,4.0,Sameer Patel(I),https://docs.google.com/document/u/0/d/1JfSM1UIeB0lVIy1H2fl5hIxwvACF4L20Rx4NDbgEYeE/edit,7/209,,
Pavement Materials and Design,CE 635,"C1,C2",,,4.0,Sushobhan Sen(I),https://iitgnacin-my.sharepoint.com/:w:/g/personal/sushobhan_sen_iitgn_ac_in/IQDrJ2qKk9n6Qpuvbo2hevsUATZae92mtChU5iOJg6WNA-g?e=2xVP6m,7/205,,
Infrastructure Systems: Planning and Management,CE 637,"E1,E2",,,4.0,Udit Bhatia(I),https://infra2026.floodresq.com/,7/209,,
Advanced Concrete Technology,CE 638,"C1,C2",,,4.0,Krishna Siva Teja Chopperla(I),https://iitgnacin-my.sharepoint.com/:b:/g/personal/siva_chopperla_iitgn_ac_in/IQDViUd4Rm2jQ5lweXtnY_YbAVSy0yPJ510k8dxXX30yl7U?e=Pp67wQ,7/202,,
Hydrodynamics of Sediment Transport,CE 640,"M1,M2",,,4.0,Subhasish Dey(I),https://docs.google.com/document/d/1qTdZyUilgbww7hzate9tt6ZaH0--F9EU/edit?usp=share_link&ouid=108119040002855153213&rtpof=true&sd=true,7/109,,
Special Topics in Civil Engineering: Domestic Wastewater Engineering (Treatment and Reuse),CE 691-VI,"G1,G2",,,4.0,Sudhir Kumar Arora(I),https://drive.google.com/file/d/1m24H1akjtw4YoNfSIiM1g3hL2__gmo7_/view?usp=share_link,Jagdish Patel Learning Thea...,,
Special Topics in Civil Engineering: Administration of Contracts in the Infrastructure Industry,CE 691-VIII,"M1,M2",,,4.0,Col. Kishore(I),,13/124,,
Special Topics in Civil Engineering: Water Resources Governance,CE 692-II,"J1,J2",,,2.0,JP Gupta(I),,7/202,,
Introduction to Polymer Science and Engineering,CL 324,,,,4.0,,,,,
Chemical Engineering Practice in Industry,CL 328,P2,,,2.0,"Kaustubh S Rane(I),Nitin U. Padhiyar(I)",https://docs.google.com/document/d/1g8VwMdGr4GJs4OrtHfvexQ7OPDqeKNi2_Bwb6UF5_as/edit?usp=sharing,11/102,,
Introduction to Process Safety,CL 353,B1,,,2.0,Chinmay Ghoroi(I),https://drive.google.com/file/d/1gXcTIl0AlmADSeC97bjMX01ZlmieXWpZ/view?usp=sharing,Harsha Patel Learning Theatre,,
Biochemical Engineering,CL 426,"F1,F2",,,4.0,Karthik Subramaniam Pushpavanam(I),https://docs.google.com/document/d/1PqQww0FlEJEQ0chpHXA6tsFJVShBJPITN4p9Z82UkIc/edit?usp=sharing,7/106,,
Nanoscale Science,BS 401,"M1,M2",,,4.0,Kabeer Jasuja(I),,7/203,,
Advance Transport Phenomena,CL 601,"E1,E2",K2,,4.0,Prachi Thareja(I+T),https://drive.google.com/file/d/1eYw8sozYjzRmZ0wUwYL-Ca9HpLZ4qeRp/view?usp=sharing,7/108,7/204,
Advanced Thermodynamics,CL 602,"A1,A2",L2,,4.0,Soumajit Dutta(I+T),CL 602 Advanced Thermodynamics,7/203,7/203,
Advanced Reaction Engineering,CL 604,"C1,C2",H2,,4.0,Chinmay Ghoroi(I+T),https://drive.google.com/file/d/1Hxq7jeAoGyel9zhLaBWEhzUfxIQtons9/view?usp=sharing,7/107,7/107,
Applications of AI in ChE,CL 633,"H1,N2",J2,,4.0,Nitin U. Padhiyar(I+T),https://docs.google.com/spreadsheets/d/1Zx1kEtyE5g7EDXIoiRjVp6-v9PuVhmZDzdBRDxTgGwI/edit?gid=1235957912#gid=1235957912,7/108,7/109,
Integrated Principles of Chemical Engineering,CL 635,"J1,K1",,,4.0,Sameer Dalvi(I),https://drive.google.com/file/d/14C51K9oT5CQ8s8oH6Zaq8-q_Wn_Jkg9p/view?usp=drive_link,7/208,,
Engineering Optimization,ES 604,"G1,G2",,,4.0,Sai Praneeth(I),https://docs.google.com/document/d/1nAYf1QY6j7JGH7Lw7UwwHY31w_nIMNQU/edit?usp=drive_link&ouid=102748482566191991041&rtpof=true&sd=true,7/208,,
"Flexible Electronics: Materials, Methods and Devices",ES 662,"I1,I2",,,4.0,Biswajit Saha(I),https://iitgnacin-my.sharepoint.com/:w:/g/personal/bsaha_iitgn_ac_in/IQAgc6De535kTI5BHvkyh-otASKy5pbIjDA1L5r_GBQxboI?e=Qyd2Li,7/203,,
Introduction to Data Structures and Algorithms,ES 248,F1,,"K2,L2",3.0,"Anup Kalbalia(I+L),Arjun Arul(I+L)",https://anup.github.io/courses/es248-2026-27/course-plan/,11/101,,10/203
Human-Computer Interaction,CS 435,"J1,P2",,,4.0,Yogesh Kumar Meena(I),https://yogeshkmeena.github.io/Teaching/,11/101,,
AI-Assisted Software Development Lab,CS 437,,,"K1,L1",2.0,"Arjun Arul(L),Anup Kalbalia(L)",https://docs.google.com/document/d/15bylbWLm5ylzU4_RrZUUwUBbkBrQozCJfZginxrwfns/edit?usp=drivesdk,,,10/203
Algorithms,CS 610,"G1,G2",,,4.0,Bireswar Das(I),https://docs.google.com/document/d/1FR3B1uaVfesy6V3M3JLivJlmD_H8Jhda9_e9nz81e3o/edit?usp=sharing,7/109,,
Computer Systems,CS 612,"A1,A2",,,4.0,Ajay Singh(I),https://docs.google.com/document/d/1rkO3HupBKTxuW4P_bS8WdPuI2Rz5UiSf/edit?usp=sharing&ouid=110990247842517328873&rtpof=true&sd=true,11/101,,
Natural Language Processing,CS 613,"F1,F2",,,4.0,Mayank Singh(I),https://sites.google.com/iitgn.ac.in/cs613-2026/home,Jayshree S Sheth Learning T...,,
Advanced Algorithms,CS 614,"E1,E2",,,4.0,Arjun Arul(I),,11/102,,
CS Theory Toolkit,CS 619,"L1,L2",,,4.0,Anirban Dasgupta(I),https://docs.google.com/document/d/1DHyg6VoBb9hcpkJw1rTl6zxPpNmRReedm6YgFTSNZHA/edit?usp=drivesdk,13/124,,
Incentives and Machine learning ,CS 620,"K1,K2",,,4.0,Manisha Padala(I),https://sites.google.com/iitgn.ac.in/mdml,13/124,,
Computer Vision,ES 666,"C1,C2",,,4.0,Shanmuganathan Raman(I),https://shanmugaiit.github.io/es666.html,10/103,,
Deep Learning,ES 667,"B1,B2",,,4.0,Nipun Batra(I),https://nipunbatra.github.io/dl-2026/,Jayshree S Sheth Learning T...,,
Special Topics in Computer Science: Combinatorial and Computational Aspects of Games,CS 691-XVII,,,,4.0,,https://docs.google.com/document/d/1NwZcqAiXIz6zMqx6aSI6GIDphK3G_qe0nJbwQNMuMlg/edit?usp=sharing,,,
Combinatorial Game Theory,CS 622,"L1,L2",,,4.0,Jyothi Krishnan(I),https://docs.google.com/document/d/1NwZcqAiXIz6zMqx6aSI6GIDphK3G_qe0nJbwQNMuMlg/edit?usp=sharing,7/207,,
Special Topics Course: Algebraic Complexity theory,CS 691-XVIII,"M1,M2",,,4.0,Balagopal Komarath(I),https://docs.google.com/document/d/1nYN-fgB5Oj6rbCghhdHXxppzpFyNDMxZyOYkfKkyco8/edit?usp=sharing,7/207,,
Algebraic Complexity Theory,CS 623,"M1,M2",,,4.0,Balagopal Komarath(I),https://docs.google.com/document/d/1b7CuCo9So4LxVda_Ioj7ZwX2Cmp4OfgTbDPLoF6c7Vc/edit?usp=sharing,7/207,,
"Drone Data Acquisition, Processing and Interpretation",EH 304,G1,,"C1,F1",2.0,Pankaj Khanna(I+L),https://drive.google.com/file/d/1EVIPMOmf589bW-HklmVUpH_JP6goTpms/view?usp=sharing,7/104,,10/105
Analysis and Design of Marine Structures,MTE 602,"B1 , C2",,,4.0,Srinivasan Chandrasekaran(I),https://drive.google.com/file/d/1OAtYYjx6Cbc0S6dNG-uteILeZCmmciNt/view?usp=sharing,"7/106, 7/105",,
Dynamics of Maritime Structures,MTE 603,"D1,D2",,,4.0,Srinivasan Chandrasekaran(I),https://drive.google.com/file/d/1OdMX220ZYxx2DT3l-z8u--TYML-YPoXu/view?usp=sharing,7/103,,
Special Topics in Maritime Engineering: French Language for Maritime Engineers (second half),MTE 692-I,"G1,G2",,,2.0,Manshika Mehta(I),,7/110,,
Industrial Control and Process Instrumentation,ES 420,"N1,N2",,"C1,F1",5.0,S. Rajendran(I+L),https://drive.google.com/file/d/1ooqgeSKLfi0I5id5GgIGuXTesmrAy6SB/view?usp=drive_link,11/204,,EE Lab
Semiconductor Foundry Engineering,ES 422,"H1,P1",,,4.0,Amitabh Jain(I),https://docs.google.com/document/d/1qLH1z9ybBSNzYMs4KxO9LruQgvLNv4yHN-urNCqHunQ/edit?tab=t.0,7/210,,
RFIC Design,ES 421,"P1,P2",,"B1,B2",5.0,"Kamla Prasan Ray(I+L),Tarun Kumar Agarwal(I+L)",https://docs.google.com/document/d/184bxetlzX-eSL8kSFU4ea17kSGH1MUei/edit?usp=sharing&ouid=106706293449739761250&rtpof=true&sd=true,13/124,,EE Lab
RFIC Design,ES 679,"P1,P2",,"B1,B2",5.0,"Kamla Prasan Ray(I+L),Tarun Kumar Agarwal(I+L)",https://docs.google.com/document/d/184bxetlzX-eSL8kSFU4ea17kSGH1MUei/edit?usp=sharing&ouid=106706293449739761250&rtpof=true&sd=true,13/124,,EE Lab
VLSI Design,EE 617,"J1,J2",,,4.0,Joycee Mekie(I),https://docs.google.com/document/d/1Yd1UWR5dlTjHVpQrEvGT5XebozcdRpaulQbP5kYYbHE/edit?usp=sharing,Surendra C Sheth Learning T...,,
Physics of Transistors,EE 644,"E2,H2",,,4.0,Sandip Lashkare(I),https://iitgnacin-my.sharepoint.com/:b:/g/personal/sandip_lashkare_iitgn_ac_in/IQCB5CYF5hrKQKJrK0ATpMB3AcSsNovmoEeK0Ns31IyTy9I?e=Y2hwtF,11/101,,
Dynamic Behaviour of Electric Machines,EE 648,"C1,A2",,I2,5.0,Ragavan K.(I+L),https://drive.google.com/file/d/127It-hnkS17e9gmGGFruDWSYVQAST0dI/view?usp=sharing,11/102,,EE Lab
Wireless System Design and Implementation,EE 434,K2,,"A1,A2",4.0,Kartik Patel(I+L),https://drive.google.com/file/d/1A7Y_yRGU1g_bR2CpjokWzduK3JfUDvqd/view?usp=sharing,7/102,,EE Lab
Wireless System Design and Implementation,EE 671,K2,,"A1,A2",4.0,Kartik Patel(I+L),https://drive.google.com/file/d/1A7Y_yRGU1g_bR2CpjokWzduK3JfUDvqd/view?usp=sharing,7/102,,EE Lab
Digital Control Systems,ES 616,"E1,E2",A1,,4.0,S. Rajendran(I+T),https://drive.google.com/file/d/1kRe1j1mw-ScS4GBQWbrLvWI20zkrSgTn/view?usp=drive_link,7/210,7/110,
Microfabrication and Semiconductor Processes,ES 626,"N1,N2",,,4.0,"Jhuma Saha(I),Nihar Ranjan Mohapatra(I)",https://drive.google.com/file/d/1Ds3tjD8J9P_u1d_fQIZXHB36gVibP0kR/view?usp=sharing,7/101,,
CMOS Analog IC Design,EE 651,"G1,G2",,,4.0,Tarun Kumar Agarwal(I),https://iitgnacin-my.sharepoint.com/:w:/g/personal/tagarwal_iitgn_ac_in/IQCadTuRO8shQbhNg-T2PUD8AYMVUXYaj3L8gp9UubMIApI?e=mjdx8r,Harsha Patel Learning Theatre,,
Biomedical Ultrasound,ES 657,"J1,J2",,,4.0,Himanshu Shekhar(I),https://docs.google.com/document/d/1tot22WpkJgil8EiVmg-bHWgO91IhTxqA/edit,7/210,,
Smart Grid,EE 659,"G1,G2",,,4.0,Naran M Pindoriya(I),https://iitgnacin-my.sharepoint.com/my?viewid=6042c341%2Df4a0%2D46e5%2Dad56%2Df00a0c67943a&id=%2Fpersonal%2Fnaran%5Fiitgn%5Fac%5Fin%2FDocuments%2FEE%20659%2F2026%2D27%2FEE659%5FCourse%20plan%2Epdf&parent=%2Fpersonal%2Fnaran%5Fiitgn%5Fac%5Fin%2FDocuments%2FEE%20659%2F2026%2D27,13/124,,
Advanced Wireless Communications,EE 663,"L1,L2",,,4.0,Raghunandan M. Rao(I),https://drive.google.com/file/d/11d-SSfPQzcT00qfeREE1ifwatDs1Hfjp/view?usp=sharing,13/125,,
High Frequency Engineering,EE 664,"K1,K2",,,4.0,Kamla Prasan Ray(I),https://drive.google.com/file/d/1WnwJOuz0Vg-VBbhxqZmWkBHW4vP5auvc/view?usp=drive_link,13/125,,
5G and Beyond,ES 668,"M1,M2",,,4.0,"Ravi Hegde(I), Sameer Kulkarni(I)",https://docs.google.com/document/d/198eel1egMa8j4mvsq2Fbj9riGMKX8FGSA9CUFXo3Ryg/edit?tab=t.0,11/101,,
Photonics – Principles and Applications,ES 675,"M1,M2",,,4.0,Arup Lal Chakraborty(I),,7/108,,
Lasers,EE 639,"M1,M2",,,4.0,Arup Lal Chakraborty(I),https://drive.google.com/file/d/11kOhmKlYwzT9pbkIYjetqbMJ7ReieJYd/view?usp=sharing,7/108,,
Mixed Signal IC Design,EE 662,"N1,N2",,,4.0,"Dinesh Kumar Sharma(I),Madhav Kiritkumar Pathak(I)",https://drive.google.com/file/d/1QIglxCIBklfk_YG76WoFAg95wD9MizuS/view?usp=sharing,7/105,,
Special Topics in Electrical Engineering: Economics of Regulation in India,EE 691-VII,"M1,M2",,,4.0,Anand Kumar(I),https://iitgnacin-my.sharepoint.com/:w:/g/personal/anand_kumar_iitgn_ac_in/IQAWliKVcuo0Q6zXoh7HP7Y4AdGb1lbdh_KX2yAZ977U1Xs?e=5LD9sz,7/208,,
Special Topics in Mechanical Engineering: Nondestructive Testing/Evaluation,ME 491-I,"M1,M2",,,4.0,Prabhat Munshi(I),,7/106,,
Foundations of Fluid Dynamics,ES 607,"G1,G2",C1,,4.0,Vinod Narayanan(I+T),https://docs.google.com/document/d/1mI6e6RxvTV2k4-98f-4_qdW_7Fh46uZ3/edit?usp=sharing&ouid=100579235848488623714&rtpof=true&sd=true,7/105,7/210,
Computational Fluid Dynamics,ME 605,"M1,M2",K1,,4.0,Uddipta Ghosh(I+T),https://iitgnacin-my.sharepoint.com/:b:/g/personal/uddipta_ghosh_iitgn_ac_in/IQDHRaXgkGFQSqGRCL61mRekAR3De8my13tc6iX_izzIAwY?e=g4nBZg,5/202,7/109,
Human-Robot Interaction,ES 656,"L1,L2",,,4.0,Vineet Vashista(I),https://drive.google.com/file/d/1cfkjeuITM2BsI-oMOnxtCMuwbTSMZ1S9/view?usp=drive_link,7/201,,
Introduction to Robotics,ME 639,"N1,N2",,L1,5.0,Madhu Vadali(I+L),https://iitgnacin-my.sharepoint.com/:b:/g/personal/madhu_vadali_iitgn_ac_in/IQC9ymiMm8dVS7KpdWlGStocAdwKQDGP1DUC9SZ6C8jhwlU?e=NRdcCQ,7/205,,7/205
Fracture Mechanics,ME 640,"E1,E2",,,4.0,Ravi Sastri Ayyagari(I),https://drive.google.com/file/d/1AQbdPLaTMj1zKOlBv1H2y-IqJ9UQi4rC/view?usp=sharing,7/110,,
Elastodynamics and Vibrations,ES 646,"E1,E2",,,4.0,K.R. Jayaprakash(I),https://drive.google.com/file/d/14rF9TMdXs3fYRxXqjwzPkEtkSlkFcLdB/view?usp=drive_link,13/125,,
Mathematical Tools for Mechanical Engineers,ME 648,"F1,F2",H2,,4.0,Dilip S. Sundaram(I+T),https://iitgnacin-my.sharepoint.com/:b:/g/personal/dilip_sundaram_iitgn_ac_in/IQBXL505VMDwSaO0sftttq6jAbZC81_dVdDHtziLBQe7pLg?e=SrWp0z,7/206,7/210,
Special Topics in Mechanical Engineering: Fluid Dynamics at Small Scales,ME 691-XXII,"J1,J2",A2,,4.0,Lokesh Malik(I+T),,11/204,11/204,
Special Topics in Mechanical Engineering: Foundations of Heat and Mass Transfer,ME 691-XXIII,"L1,L2",P2,,4.0,Soumyadip Sett(I+T),https://drive.google.com/file/d/1rFIqcfRGHVxdP6_ftkE9cYxljbX6dTou/view?usp=sharing,11/204,11/204,
Special Topics in Mechanical Engineering: Wind Engineering,ME 692-X,J2,,M2,2.0,Dhwanil Shukla(I+L),https://docs.google.com/document/d/1b7tTdQOOQQqDU3S753Al1RPtnsnrGP371T_4-KMRPBU/edit?usp=sharing,7/203,,ME Lab
Deformation Behaviour of Materials,MSE 604,"K1,K2",,,4.0,Pradipta Ghosh(I),https://drive.google.com/file/d/1wIKBcDKpokCDqVJQDKlIvOi4KQ0vEKz7/view?usp=sharing,7/206,,
Structure and Defects of Materials,MSE 629,"F1,F2",,,4.0,Prafull Pandey(I),https://drive.google.com/file/d/1vFBX3yMD3QRyQWG95SBxo6AI_tL5lMEp/view?usp=drive_link,10/102,,
Characterization of Materials,MSE 632,"G1,G2",,"I2,M1",4.0,Sriharitha Rowthu(I+L),MSE205_Course Policy_2026-27_Sem II.pdf,7/107,,MSE Lab
AI for Materials Engineering,MSE 636,"E1,E2",,H1,4.0,Raghavan Ranganathan(I+L),https://drive.google.com/file/d/1uS0DorDBtyuNqoESuXMkM_-9ji3gOpOZ/view?usp=sharing,7/204,,7/201
Thermo-mechanical Processing,MSE 624,"M1,M2",,,4.0,Amit Arora(I),https://drive.google.com/file/d/1tOvCKt27XcX_vt0CeznUBlZdB5e9HzpA/view?usp=drive_link,7/104,,
Thermodynamics of Materials,MSE 631,"D1,D2",,,4.0,Abhay Raj Singh Gautam(I),,7/104,,
Electrochemical Science and Engineering,CH 302,"I1,K1",K2,,4.0,Sudhanshu Sharma(I+T),https://iitgnacin-my.sharepoint.com/:b:/g/personal/ssharma_iitgn_ac_in/IQAfjaMcr9zhQJJJ3JsqIGbbAS2IrLH2WNhYraISQG0cXdc?e=x3vY2S,7/210,7/210,
Physical Organic Chemistry,CH 506,"A1,A2",,,4.0,Kuljeet Kaur(I),https://drive.google.com/file/d/1I2oe8jr08K0lhzyKZWHxWLJBmy-5uLle/view?usp=sharing,7/107,,
Quantum Chemistry,CH 511,"F1,F2",,,4.0,Anirban Mondal(I),https://drive.google.com/file/d/1XEEqhDckROp6hc2T8junq4VnEOqgLkYV/view?usp=drive_link,7/209,,
Advanced Organic Chemistry,CH 513,"C1,C2",,,4.0,Sivapriya Kirubakaran(I),https://docs.google.com/document/d/19iUzT5ju2-TF4lM4pmuEiSdFvsBtT20DGIyXNMBUdi8/edit?tab=t.0,7/106,,
Transition Metal Chemistry,CH 528,"J1,J2",,,4.0,Priyabrata Ghana(I),https://drive.google.com/file/d/1l20nW5O1vlgBWW0AVV9kw5IhfhV3neE9/view?usp=drive_link,7/107,,
AI in Chemistry,CH 529,,,,4.0,Anirban Mondal(I),Course_Plan_Quantum_Chemistry.docx.pdf,,,
Chemical Crystallography,CH 635,"M1,M2",,I2,4.0,Vijay Thiruvenkatam(I+L),https://iitgnacin-my.sharepoint.com/:f:/g/personal/vijay_iitgn_ac_in/IgDi2j6uKCWoSb0MHiTi2Q1IAQN62erf9x7WQetKXbIicDc?e=xG2H5M,7/205,,CH Lab
Applied Chemical Biology,CH 616,"D1,D2",,,4.0,Sudipta Basu(I),https://drive.google.com/file/d/13aHcvY0HF-0uqXoD8DvgIO38Ocro_UMH/view?usp=sharing,7/205,,
Interpretative Organic Spectroscopy,CH 622,"B1,B2",,,4.0,Sriram V Gundimeda(I),https://docs.google.com/document/d/1HRo7a5vf166d4I7NHb_u5lNFA9MdrRQZ/edit?usp=drive_link&ouid=100922624225150130455&rtpof=true&sd=true,7/108,,
Molecular Spectroscopy,CH 624,"J1,J2",,,4.0,Saumyakanti Khatua(I),https://drive.google.com/file/d/1o_4bi7BrdQ1NOSvZYXaXR39-2JJ1AgvH/view?usp=sharing,13/125,,
Asymmetric Synthesis and Catalysis,CH 626,"E1,E2",N2,,4.0,"Chandrakumar Appayee(I), Vatsal Chande(GTF/T)",https://drive.google.com/file/d/1K8q7ie60YTPp0yCOhZQy-4_riBhnTOvQ/view?usp=sharing,11/205,11/205,
Metabolism & Biosynthesis,CH 627,"K1,K2",,,4.0,Bhaskar Datta(I),https://drive.google.com/file/d/1QaTSeZA2O2oJ2fdXMJOmlmIVom8YH4qD/view?usp=drive_link,11/204,,
Introduction to Molecular Dynamics,CH 634,G2,,"J1,P2",4.0,Sairam Swaroop Mallajosyula(I+L),https://iitgnacin-my.sharepoint.com/:b:/g/personal/msairam_iitgn_ac_in/IQDvZkQN3loHR5Q9iQxK0aqjAYN5aofIqJCvHPoVYogVXv0?e=LEUl0v,7/104,,10/104
Statistical thermodynamics and its applications in chemistry,CH 636,"L1,L2",,,4.0,Sairam Swaroop Mallajosyula(I),https://iitgnacin-my.sharepoint.com/:b:/g/personal/msairam_iitgn_ac_in/IQBd-2M10pI1RZxW3tUUAYKlAYV-6e77xfkINavOgEkpHEY?e=uHD2jp,7/104,,
Organic Electronics,CH 637,"J1,J2",,,4.0,Partha Pratim Roy(I),,7/108,,
Bio-inorganic Chemistry,CH 640,"L1,L2",,,4.0,Biswajit Mondal(I),Course plan for CH640_Bio-inorganic Chemistry.pdf,7/101,,
Chemistry of Energy Materials,CH 641,"M1,M2",,,4.0,Manisha Samanta(I),CH641-course-plan-2025 -Samanta.pdf,7/210,,
Basic Algebra,MA 501,"E1,E2",B1,,4.0,Akshaa Vatwani(I+T),,7/107,7/202,
Linear Algebra,MA 504 (A),"D1,D2",H2,,4.0,Bipul Saurabh(I+T),https://drive.google.com/file/d/1RRffDpOpw3z5E44lzVvC5cpZKGL6ahy1/view?usp=sharing,7/109,10/102,
Real Analysis of One Variable ,MA 509 (A),"C1,C2",B2,,4.0,Chetan Pahlajani(I+T),https://drive.google.com/file/d/14Yv73k744ZJRxc2rGCkkjMP_UTGfF0Hl/view?usp=drive_link,10/102,10/102,
Topology,MA 510,"G1,G2",A1,,4.0,Sanjaykumar Amrutiya(I+T),https://drive.google.com/file/d/12gfaO0WrmERELBW9-iiZUzSoEkhmAdVN/view?usp=drive_link,11/102,7/108,
AI and Mathematics,MA 513,"N1,N2",H1,,4.0,Madhu Gupta(I+T),https://drive.google.com/open?id=1yueR1OAYmP2PHPXdfSRS19zYEegLw9HS&usp=drive_fs,7/210,7/103,
Commutative Algebra,MA 605,"E1,E2",C1,,4.0,Jugal K. Verma(I+T),https://docs.google.com/document/d/1fsRYMpwaa82qX1KUGJ5VUbFb7axywTnT/edit?usp=drive_link&ouid=110373418881838401996&rtpof=true&sd=true,7/103,7/105,
Number Theory,MA 623,"L1,L2",K2,,4.0,Atul Abhay Dixit(I+T),https://drive.google.com/file/d/1AIjsPnrKxJtskeSGX-cEBblSyyGCyMp7/view?usp=sharing,7/202,7/202,
Partial Differential Equations,MA 624,"F1,F2",A2,,4.0,Jagmohan Tyagi(I+T),https://drive.google.com/file/d/10Pgshu00wNugt93IOk6N-8vAbRj4ENsh/view?usp=drive_link,7/107,7/102,
Functional Analysis,MA 626,"D1,D2",I1,,4.0,Rohit Kumar Mishra(I+T),https://www.dropbox.com/scl/fi/x7xbrwfcb87jdagz4zdsm/Course-Plan-MA-626.pdf?rlkey=za8eohg3992ljq1za7buiihhh&dl=0,7/203,7/102,
Algebraic Topology,MA 627,"M1,M2",K1,,4.0,Arnab Saha(I+T),https://drive.google.com/file/d/18WtNdr5jMYG-t5yl8Wgugc-y1T2UBRWe/view?usp=sharing,11/206,11/101,
Measure Theory & Probability,MA 630 (A),"G1,G2",H2,,4.0,Chetan Pahlajani(I+T),https://drive.google.com/file/d/146GahBr_v1ZNgaXDtG_LLYZYug7qn9c0/view?usp=drive_link,7/202,11/102,
Integral Geometry in Imaging Sciences,MA 640,"I2,B2",,,4.0,Rohit Kumar Mishra(I),https://www.dropbox.com/scl/fi/745rtvzjwoz7cl2cvhija/Course-Plan-MA-640.pdf?rlkey=z8mycalfkz98xjaj17qo4oi0v&dl=0,7/106,,
Fourier Analysis on LCA Groups (first half),MA 642,"J1,J2",,,2.0,Bipul Saurabh(I),https://drive.google.com/file/d/1O7_A5nJGCK2iAJio5B-d3gXQl5N-PPsx/view?usp=sharing,7/207,,
Introduction to Riemannian Geometry,MA 636,"L1,L2",,,4.0,TBD(I),,7/103,,
Numerical Analysis for Partial Differential Equations,MA 643,"K1,K2",,,4.0,Abhinav Jha(I),https://drive.google.com/file/d/1o0iILhpRpC3cNJbu-MoaDckHwQbumwr1/view?usp=drive_link,7/110,,
Special Topics in Mathematics: Hilbert Modules,MA 691-II,"M1,M2",,,4.0,Gadadhar Misra(I),https://www.dropbox.com/scl/fi/gq5ygbtek8y780u8okvjm/2026AugMA-691-II.pdf?rlkey=t1z8r2hwcn4bdqdsggugihiup&dl=0,7/105,,
Special Topics in Mathematics: Spectral Graph Theory,MA 691-VIII,"J1,J2",,,4.0,Projesh Nath Choudhury(I),https://projesh.people.iitgn.ac.in/Teaching/MA691/CP_MA691-26.pdf,7/104,,
Mathematical Methods of Physics - I,PH 502,"G1,G2",A1,,4.0,Prasanna Venkatesh Balasubramanian(I+T),https://iitgnacin-my.sharepoint.com/:b:/g/personal/prasanna_b_iitgn_ac_in/IQALR3Z_fKSSQpZeoMYuWp2_AR-Rq9Brfxr0NE_1iX73sd0?e=l2yaIy,11/101,10/102,
Quantum Mechanics I,PH 503,"E1,E2",B1,,4.0,Arpan Bhattacharyya(I+T),https://docs.google.com/document/d/1gDDGaxy27VNYS871dRzBD8s0DrIs_6p9/edit,7/202,7/107,
Classical Electrodynamics,PH 505,"C1,C2",H2,,4.0,Urjit Yajnik(I+T),https://drive.google.com/file/d/1tlnkKTGTaXkUhEc3dVMjfNuOK-Ba4CZO/view?usp=sharing,7/102,7/102,
Classical Mechanics,PH 508,"D1,D2",F2,,4.0,Rusa Mandal(I),https://docs.google.com/document/d/1SXJsEai2Y2CPnHDRsqJLaVCZfCkpgHZ1KCqb--cBvsY/edit?tab=t.0,7/108,7/208,
Condensed Matter Physics,PH 510,"F1,L1",B2,,4.0,Abhisek Samanta(I+T),https://drive.google.com/file/d/1Nvq-hJUIpkNRwVH8FhP8CzvUxCzzKgDR/view?usp=sharing,Surendra C Sheth Learning T...,Surendra C Sheth Learning T...,
Quantum Field Theory I,PH 610,"D1,D2",,,4.0,Baradhwaj Coleppa(I),https://docs.google.com/document/u/0/d/1bowezKo0pP7dCu-KmKThAcwI-nYuk7WLP73cTanJq2I/edit,5/202,,
X-ray Scattering: Concepts and Applications,PH 611,"G1,G2",,,4.0,Rupak Banerjee(I),https://drive.google.com/file/d/19jFNA_zRiz0gLbz2pG3T5yVXSL3CMR1K/view?usp=sharing,7/106,,
Atomic and Molecular Physics,PH 614,"I1,I2",,,4.0,Krishna Kanti Dey(I),https://drive.google.com/file/d/1pw9GeqiDgkCW63yJP6oLCaLIvTquvNBC/view?usp=sharing,7/202,,
Quantum Computing and Information,PH 643,"H1,F2",,,4.0,R.R. Puri(I),https://drive.google.com/file/d/1LQh8PoQmhvOQWIhInAr2T05JMcqrg2pE/view?usp=drive_link,11/101,,
Topics in Soft and Active Matter Physics,PH 645,"C1,L2",,,4.0,Chandan Kumar(I),https://iitgnacin-my.sharepoint.com/:b:/g/personal/chandan_mishra_iitgn_ac_in/IQDa08zURnfPQLik9VVdxJcpARDMz8p9FvoEEEk0PkgmuMo?e=MmNX4x,7/206,,
Advanced Statistical Physics,PH 646,"E1,E2",,,4.0,R.R. Puri(I),https://drive.google.com/file/d/1cVpt6m8NWFWZKsy9bk0UPiCwvyvNJL8V/view?usp=drive_link,11/206,,
Semiconductor Optoelectronics,PH 648,"M1,M2",,,4.0,Gopinadhan Kalon(I),PH 648-SemiconductorOptoelectronics.pdf,7/206,,
Nanomagnetism and Spintronics,PH 651,"J1,J2",,,4.0,Naveen Sisodia(I),coursepolicy_PH651_nanomagnetism_and_spintronics_sem1_2627.pdf,7/201,,
Introduction to Einstein’s Theory of General Relativity,PH 609,"M1,M2",J1,,4.0,"Urjit Yajnik(I+T),Pinaki Banerjee(I+T)",https://iitgnacin-my.sharepoint.com/:b:/g/personal/urjit_yajnik_iitgn_ac_in/IQDh60qf95mgTICwllShyTkfASmDDTax7CsC8bWYNZ_OUok?e=i4kZHp,10/102,7/108,
Gravitational Wave Astronomy,PH 652,"I1,I2",,,4.0,Anand Sengupta(I),https://drive.google.com/file/d/12L5KZcCjjtoItwOK_YgYmmaO1UOqNJ8q/view?usp=sharing,13/125,,
Modeling of Earth System and Sustainability,EH 605,"G1,G2",,,4.0,R.N. Singh(I),https://drive.google.com/file/d/1bRaz0EZmUZm_ti2qyMZGRTRvzff1gkyg/view?usp=drive_link,7/102,,
Archaeology: Theory and Methods,EH 401,"M1,M2",,,4.0,Sharada V Channarayapatna(I),https://drive.google.com/file/d/1Or63rR6-_uybQiUa7FKmiRQaGLHX-Sge/view?usp=drive_link,7/102,,
Archaeology: Theory and Methods,EH 635,"M1,M2",,,4.0,Sharada V Channarayapatna(I),https://drive.google.com/file/d/1Or63rR6-_uybQiUa7FKmiRQaGLHX-Sge/view,7/102,,
Earth Surface Processes in the Anthropocene,EH 601,"F1,F2",,J1,4.0,Vikrant Jain(I+L),,7/102,,EH Lab
Biodiversity Conservation and Sustainable Development,EH 608,"D1,D2",,,4.0,C.N. Pandey(I),https://docs.google.com/document/d/1_qctL71zjm1Gjj1cs3XgWJeU03RzpV_g/edit?usp=sharing&ouid=113799156655520473260&rtpof=true&sd=true,7/108,,
Computational Tools for Earth System Modeling,EH 618,,,"G1,I2,M1,P1",4.0,Utsav Mannu(L),https://drive.google.com/file/d/1mm2WJ5qodjEOMHEC5A3E7Hd1O6-eHz4r/view?usp=sharing,,,10/104
Geobiology,EH 619,"E1,E2",,,4.0,Sonal Khanolkar(I),https://docs.google.com/document/d/18g4dsyA4wiFEFUEhOuIkMSusFLqUo69X/edit?usp=sharing&ouid=110875805035146007034&rtpof=true&sd=true,Jayshree S Sheth Learning T...,,
Sequence Stratigraphy,EH 620,F2,,"K2,L2",4.0,Pankaj Khanna(I+L),https://drive.google.com/file/d/146y5crnH01yYh26pHw38UiwAzbbAVMiD/view?usp=sharing,EH Lab,,EH Lab
Applied Micropaleontology,EH 624,"M1,M2",,,4.0,Sonal Khanolkar(I),https://docs.google.com/document/d/1YDCjd2zAPYgx1DB-VtU9oBmg-0df6eyE/edit?usp=drive_link&ouid=110875805035146007034&rtpof=true&sd=true,7/107,,
Environmental Geosciences,EH 625,"L1,L2",,,4.0,Achyut Mishra(I),https://drive.google.com/file/d/1QDZF3H7RGPWIv3EP7h5uBsXMv8rhoY9Z/view?usp=drive_link,7/106,,
Reservoir Modelling and Simulation,EH 626,"D1,D2",,,4.0,Achyut Mishra(I),https://drive.google.com/file/d/1UYXAlvySPYS-pZh5KNeprKSdARSbGkaQ/view?usp=sharing,7/106,,
Anthropocene: Human Impact on the Earth,EH 627,"N1,N2",,,4.0,"Vikrant Jain(I),S. K. Tandon(I)",https://drive.google.com/file/d/1Ako_ydenPXNgD0Gbye7kRTlY74I0OZ-9/view?usp=drive_link,7/203,,
Dynamic Earth Surface and Nature Hazards,EH 634,F1,,"B1,D1",4.0,Vikrant Jain(I+L),https://drive.google.com/file/d/18LniBcuUGOlWh2_yuM99ISU3EyR0q9yj/view?usp=sharing,7/102,,11/204
Rock Mechanics and Rock Engineering,EH 638,"J1,J2",,,4.0,Manab Mukherjee(I),https://drive.google.com/file/d/1Brdolv5aKMG5A8rbqfB_uRjQ2a2FCuec/view?usp=sharing,7/206,,
Statistics for Earth Sciences,EH 639,J1,,"I1,K1",4.0,Utsav Mannu(I),https://docs.google.com/document/d/14vmw_O29cy-9hrvdd7v6nwu2J5TdyHfazBLl4WzjgzM/edit?usp=sharing,7/103,,7/103
Special Topics in Earth Science: Microwave Remote Sensing,EH 691-III,"C1,C2",,,4.0,Prem Chand Pandey(I),https://drive.google.com/file/d/1etOHz8sfBpVHO7s70CsxHmoq9JTE1CKh/view?usp=sharing,7/103,,
Special Topics in Earth Sciences: Stable Isotopes in Earth Systems,EH 691-XI,"M1,M2",,,4.0,R. D. Deshpande(I),Course Details_Stable Isotopes in Earth Systems.pdf,7/202,,
Computation and Cognition,CG 501,"F1,F2",,,4.0,Vaibhav Tripathi(I),Course Plan ,7/201,,
Fundamentals of Cognitive Psychology,CG 503,"G1,G2",,,4.0,Meera Mary Sunny(I),https://docs.google.com/document/d/1DZjpE-0W950jpeWPb7eLvAoyVqDP8-YW/edit?usp=sharing&ouid=116968647900581462482&rtpof=true&sd,7/207,,
Research Methods in Cognitive Science,CG 504,"J1,I1",,,4.0,Mahalakshmi Ramamurthy(I+L),https://docs.google.com/document/d/1MFDYXg20ZIwpQAVtDNvZ2cbq24WrlieaMzVbVKKdrvk/edit?tab=t.0,7/109,,
Fundamental Neuroscience,CG 505,"D1,D2",,,4.0,Pratik Mutha(I),https://iitgnacin-my.sharepoint.com/:w:/g/personal/pm_iitgn_ac_in/IQBEDdg3e014S4Gy8o9fvC-0ASR3AFEPh6OcsbZZ14DSOfE?e=Pj1k6N,7/208,,
Philosophy of Mind,CG 606,"C1,C2",,,4.0,Jaison A. Manjaly(I),https://drive.google.com/file/d/1ccSm_nY6tix8pvIntOwdm-oAH_d5cbFt/view?usp=sharing,Jayshree S Sheth Learning T...,,
Emotion and Cognition,CG 607,"L1,L2",,H1,4.0,Meera Mary Sunny(I+T),,7/110,,7/110
Neural Plasticity,CG 612,"D1,D2",,,4.0,Leslee Lazar(I),https://iitgnacin-my.sharepoint.com/:b:/g/personal/leslee_lazar_iitgn_ac_in/IQA8BAWD_qOqTJ2APbJmw4kyATTGGM11tUJa0f9-o7XuCjM?e=dyuuEe,7/201,,
AI & Human Cognition,CG 615,"N1,N2",P2,,4.0,Sabyasachi Shivkumar(I+T),https://docs.google.com/document/d/1tRmPXavaUJBE5_HAnCHZUjSvWyq_ARef4JEq3ZLFPME/edit?usp=sharing,7/109,7/209,
Computational Neuroscience,ES 606,"G1,G2",,,4.0,Krishna Miyapuram(I),https://docs.google.com/document/u/0/d/17qJQNPpbHkf1ojjxh1dtmOrOwg3PS7zEA8YAVsWDEjM/edit,7/201,,
NeuroAI: Neuroscience & Artificial Intelligence ,ES 673,"E1,E2",,,4.0,Vaibhav Tripathi(I),Course Plan Final,7/206,,
Special Topics in Cognitive Science: The Multilingual Brain,CG 691-V,"C1,C2",,,4.0,Jooyung Kim(I),CG691-V_The Multilingual Brain_2026-27_SEM1_Syllabus_Kim,7/201,,
Special Topics in Cognitive Sciences: Advanced Writing for Cognitive and Brain Sciences,CG 691-VIII,G1,,"I1,K1",4.0,Leslee Lazar(I+T),https://iitgnacin-my.sharepoint.com/:b:/g/personal/leslee_lazar_iitgn_ac_in/IQBn8rw_FuGwSrdyBK18zvPMAe5OkrciqywpkZxGzugMRpQ?e=wNzZVR,7/110,,7/201
Writing (For Engineering PhD students and MTech Students) [Course will start from Monday],FP 602,H1,,"P1,P2",4.0,Sharmita Lahiri(I+L),https://drive.google.com/file/d/1CA1z_AAB4S7DtStNdOVW2gCOzdfAi1E1/view?usp=sharing,Jasubhai Auditorium,,"7/101,7/102,7/103,7/104,7/1..."
Writing (PG Mathematics),FP 602 (MA),H1,,"P1 , P2",4.0,Indranath Sengupta(I+L),https://drive.google.com/file/d/1nsJWGNBQa6aPi_b9wy6NDVilWdbAylX9/view?usp=sharing,Jayshree S Sheth Learning T...,,"11/101, Jagdish Patel Learning Thea..."
Writing (PG Cognitive and Brain Science),FP 602 (CG),H2,,"I1,K1",4.0,Leslee Lazar(I+L),https://iitgnacin-my.sharepoint.com/:b:/g/personal/leslee_lazar_iitgn_ac_in/IQC_Z1mqo1UaQK2b4v8cLfriAUXo-vFhl2nHj-i7Hh5cPcI?e=IS6aQr,Jayshree S Sheth Learning T...,,7/108
Writing (PG Chemistry),FP 602 (CH),G1,,"I1,K1",4.0,"Partha Pratim Roy(I),Manisha Samanta(L)",,7/209,,Surendra C Sheth Learning T...
Foundational Sanskrit,HS 104,"L1,L2",J2,,4.0,Mana A Shah(I+T),https://docs.google.com/document/d/1nE3ISsoIzfwDzc-OcSw82HHaf_h8qIOMmaKJBaQhl4Y/edit?usp=sharing,7/210,7/103,
Urdu script and poetry,HS 111,"G1,G2",H2,,4.0,Mohd. Mubashshir Ahsan(I+T),https://docs.google.com/document/d/1Z6Y-tkPtrLE9OhBIJF7T8y2HDJrxH3DiVPpC4nOOOBs/edit?usp=sharing,7/206,13/124,
Urdu poetry interpretation,HS 112,"F1,F2",M1,,4.0,Mohd. Mubashshir Ahsan(I+T),https://drive.google.com/file/d/1228cDcLVN_5HSxkZvqo-L_K218L4eybU/view?usp=sharing,7/105,7/101,
Japanese Language for Beginners,HS 152,"M1,M2",J1,,4.0,Sweta Mistry(I),https://drive.google.com/file/d/1_ncVuW_jlf4SMrFT_EYHPw_kGQA3yfON/view?usp=sharing,11/102,11/102,
Advance Japanese Learning,HS 153,"L1,L2",I1,,4.0,Sweta Mistry(I),https://drive.google.com/file/d/1u1qNY-_gHCjTyFQ5Kfc_kY6PkuQj2qmx/view?usp=sharing,11/206,11/206,
Mandarin for Beginners,HS 154,"N1,N2",,,4.0,Hao Tsung Kao (I),,7/102,,
Mandarin for Beginners - II,HS 155,"L1,L2",,,4.0,Hao Tsung Kao (I),,7/103,,
Special Topics in HSS: Competitiveness and Ethical Leadership (first half),HS 392,"N2,P2",,,2.0,Anurima Chatterjee(I),,5/202,,
Financial Considerations in Engineering Decisions,MS 408,"M1,M2",,,4.0,K Chelvakumar(I),https://docs.google.com/document/d/19J5s3WCoh9IF7OkWe3yKJvwg7GoFemiXVX8HBSubZCw/edit?usp=sharing,7/209,,
Special Topics in Management: Marketing Analytics,MS 491,"M1,M2",,,4.0,Marcos Severos(I),,Online,,
"Special Topics in Management: An Introduction to Business, Organization & Finance",MS 491-XIII,"P1,P2 , Saturday",,,4.0,Praveen Gupta(I),https://docs.google.com/spreadsheets/d/1Q69LRre_CMxErJsZ7MDzi-Grju4LwzgJ/edit?usp=sharing&ouid=108217837746585842388&rtpof=true&sd=true,"Jayshree S Sheth Learning T..., 10:30 AM–12:30 PM, 11/102",,
Special Topics in Management: Lean Six Sigma,MS 491-XVI,"P1,P2",,,4.0,Alok Bhatnagar(I),https://drive.google.com/file/d/1xSTSoHjxKP7hxKgvCST_t2tmWsK6vxP0/view?usp=sharing,7/208,,
Special Topics in Management: Leadership Development & Executive Presence (first half),MS 492-VIII,"L1,L2",,,2.0,Ramachandran Veetikazhi(I),LD&EP_CLASSWISE SCHEDULE_IITGn_DrVeetikazhi_2026.pdf,7/105,,
Special Topics in Management: Managing People and Workplace Behaviour (first half),MS 492-IX,"P1,P2",,,2.0,Ramachandran Veetikazhi(I),Managing People_CLASSWISE SCHEDULE_IITGn_DrVeetikazhi_2026.pdf,7/106,,
Ancient Indian Technology,IN 304,"K1,K2",,,4.0,Alok Kumar Kanungo(I),https://drive.google.com/file/d/1N_NVxj1sORQmk_zXLa-apmPmSYxLGNxh/view?usp=sharing,"11/205,11/206",,
Special Topics: Foundations of User Experience,IN 491,"M1,M2",,,4.0,Nuno Guimaraes(I),https://drive.google.com/file/d/1EMRHg32sPpaZ991RESzprGbmVplkP4Rh/view?usp=drive_link,Online,,
Special Topics in HSS: Understanding and Designing Comics and Graphic Novels,HS 491-XI,"I1,I2",,,4.0,Argha Manna(I),,10/102,,
Special Topics in HSS:  Drawing Connections: Environmental Perception and Visual Anthropology,HS 491-XIII,"M1,M2",,,4.0,Suman Choudhury(I),,Jagdish Patel Learning Thea...,,
Special Topics in HSS: Appreciation of Classical Indian Music,HS 491-XIV,"L1,L2",,,4.0,Pandit Mahendra D. Toke(I),https://drive.google.com/file/d/1gA8LPEdpc_oGKNILjPprSIC5FwUceLdS/view?usp=sharing,5/203,,
Special Topics in HSS: Real World Problem Solving: A Policy and Systems Approach,HS 492-XI,"N1,N2",,,2.0,Raj Kumar (IAS)(I),https://docs.google.com/document/d/1pYypFrfUseaAOvJ2A7I2NisK0ENSf2ET/edit?usp=sharing&ouid=100884949085254248928&rtpof=true&sd=true,7/104,,
Perspectives on Indian Civilization,HS 510,"E1,E2",,,4.0,V.N. Prabhakar(I),https://drive.google.com/file/d/1o0Hlk3svEl9JoLctbaj7uWi8OwvUmml-/view?usp=sharing,7/205,,
Political Thought,HS 512,"G1,G2",,,4.0,Tanka Bahadur Subba(I),https://docs.google.com/document/d/1-mZGG5iu3RfLAODe5jS6O8ywv9V_QMkg/edit?usp=drive_link&ouid=112722193455628803222&rtpof=true&sd=true,7/205,,
The Politics of the Environment,HS 515,"C1,C2",,,4.0,Ambika Aiyadurai(I),,7/105,,
Ancient Indian Architecture,HS 520,"M1,M2",,,4.0,V.N. Prabhakar(I),https://drive.google.com/file/d/1_RAssS0RYLo_cHL8xMaWWIMtu2DPDy2D/view?usp=sharing,7/103,,
Quantitative Research Methods in Social Sciences,HS 523,"B1,B2",D2,,4.0,Praharsh Mohanlal Patel(I+T),Syllabus_Quantitative Methods.docx,7/203,7/210,
Qualitative Research Methods,HS 524,"M1,M2",,,4.0,Ambika Aiyadurai(I),https://drive.google.com/file/d/1TfdWZS0PBr0eLMgLXqznxEMHsml2XuKO/view?usp=drive_link,11/205,,
"Education, Technology and Society",HS 526,"J1,J2",,,4.0,Aditi Kothiyal(I),ETandS.pdf,7/102,,
A Critical Journey Through Select Thoughts and Theories,HS 610,"D1,D2",,,4.0,Arnapurna Rath(I),https://drive.google.com/file/d/1kqPxfAxG7QwbIJ36_GEPvnQyHkaAkniV/view?usp=sharing,7/204,,
Digital Cultures and New Media,HS 631,"M1,M2",,,4.0,Arnapurna Rath(I),https://sites.iitgn.ac.in/digitalstudies/,11/204,,
Scarred Nations: Partition in the Indian Subcontinent,HS 633,"L1,L2",,,4.0,Madhumita Sengupta(I),https://iitgnacin-my.sharepoint.com/:b:/g/personal/madhumitasg_iitgn_ac_in/IQBdJ0hTz8IER6rXG_FvDVuNAaqflnhH2Zcubjz2xkzgmtg?e=2pXgXW,7/102,,
"Literature, Theory and Social Context",HS 647,"I2,J2",,,4.0,Arka Chattopadhyay(I),https://docs.google.com/document/d/1bJY9XxKFeaMph9iXwo6s0XXEMsWDSGLk/edit?usp=drive_link&ouid=103637075532236333832&rtpof=true&sd=true,7/208,,
Critical Perspectives in Sociology,HS 651,"N1,N2",,,4.0,Tanka Bahadur Subba(I),https://docs.google.com/document/d/1nOk4PSP-NOLFFYGJxB7eqqQy7ZY_Ypri/edit?usp=drive_link&ouid=112722193455628803222&rtpof=true&sd=true,7/206,,
Visual Design for Academia,DES 601,M2,,"M1,P1",4.0,Sameer Sahasrabudhe(I+L),https://drive.google.com/file/d/1NYHulfB1a-ZwDvPDA0ZaO4IXb9kwzx_w/view?usp=drive_link,13/125,,13/125
